,No_RFA,With_RFA
2023-04-03,1000000.0,1000000.0
2023-04-04,1000000.0,1000000.0
2023-04-05,1000000.0,1000000.0
2023-04-06,1000000.0,1000000.0
2023-04-07,1000000.0,1000000.0
2023-04-10,1000000.0,1000000.0
2023-04-11,1000000.0,1000000.0
2023-04-12,1000000.0,1000000.0
2023-04-13,1000000.0,1000000.0
2023-04-14,1000000.0,1000000.0
2023-04-17,1000000.0,1000000.0
2023-04-18,1000000.0,1000000.0
2023-04-19,1000000.0,1000000.0
2023-04-20,1000000.0,1000000.0
2023-04-21,1000000.0,1000000.0
2023-04-24,1000000.0,1000000.0
2023-04-25,1000000.0,1000000.0
2023-04-26,1000000.0,1000000.0
2023-04-27,1000000.0,1000000.0
2023-04-28,949900.0,949900.0
2023-05-01,938494.8864386582,938494.8864386582
2023-05-02,938426.2916500418,938426.2916500418
2023-05-03,964337.0757287686,964337.0757287686
2023-05-04,955569.0616071802,955569.0616071802
2023-05-05,952074.6163402293,952074.6163402293
2023-05-08,925971.8774857789,925971.8774857789
2023-05-09,947957.6703229992,947957.6703229992
2023-05-10,940364.3810506851,940364.3810506851
2023-05-11,938818.3214673009,938818.3214673009
2023-05-12,944449.3481037082,944449.3481037082
2023-05-15,938213.7180647755,938213.7180647755
2023-05-16,955918.70738352,955918.70738352
2023-05-17,950034.2768903652,950034.2768903652
2023-05-18,940011.4642637258,940011.4642637258
2023-05-19,948831.467762402,948831.467762402
2023-05-22,941749.0037251072,941749.0037251072
2023-05-23,924755.9070011602,924755.9070011602
2023-05-24,939380.3467699548,939380.3467699548
2023-05-25,962654.5220659188,962654.5220659188
2023-05-26,953861.8855223623,953861.8855223623
2023-05-29,971452.3280946517,971452.3280946517
2023-05-30,981734.2449097161,981734.2449097161
2023-05-31,988394.9607320832,988394.9607320832
2023-06-01,985800.5357348691,985800.5357348691
2023-06-02,969577.3682436144,969577.3682436144
2023-06-05,984607.0511702048,984607.0511702048
2023-06-06,980229.0801912332,980229.0801912332
2023-06-07,973998.6183776385,973998.6183776385
2023-06-08,989987.6529925319,989987.6529925319
2023-06-09,1011492.3238508292,1011492.3238508292
2023-06-12,1007096.2474011285,1007096.2474011285
2023-06-13,984874.3149589236,984874.3149589236
2023-06-14,998538.1475807761,998538.1475807761
2023-06-15,993631.2950563815,993631.2950563815
2023-06-16,1009645.0324698891,1009645.0324698891
2023-06-19,1022330.1826701888,1022330.1826701888
2023-06-20,1028853.5513161833,1028853.5513161833
2023-06-21,1013878.8077225301,1013878.8077225301
2023-06-22,1011742.1121556696,1011742.1121556696
2023-06-23,1020902.8679370191,1020902.8679370191
2023-06-26,1035418.0910982941,1035418.0910982941
2023-06-27,1027903.7096389239,1027903.7096389239
2023-06-28,1009082.2452085153,1009082.2452085153
2023-06-29,1013796.556212055,1013796.556212055
2023-06-30,1028770.5232788695,1028770.5232788695
2023-07-03,1037207.9920746181,1037207.9920746181
2023-07-04,1045505.415414219,1045505.415414219
2023-07-05,1048791.5314673586,1048791.5314673586
2023-07-06,1046390.5445048565,1046390.5445048565
2023-07-07,1029830.0117249889,1029830.0117249889
2023-07-10,1038851.6662991822,1038851.6662991822
2023-07-11,1037255.1035418229,1037255.1035418229
2023-07-12,1040142.645416219,1040142.645416219
2023-07-13,1044017.9618438471,1044017.9618438471
2023-07-14,1043972.7923830561,1043972.7923830561
2023-07-17,1047922.5030801876,1047922.5030801876
2023-07-18,1054503.2277249345,1054503.2277249345
2023-07-19,1037442.8091874297,1037442.8091874297
2023-07-20,1059140.2483403005,1059140.2483403005
2023-07-21,1100037.9913719373,1100037.9913719373
2023-07-24,1088683.5392789957,1088683.5392789957
2023-07-25,1065961.1501014822,1065961.1501014822
2023-07-26,1069883.436989161,1069883.436989161
2023-07-27,1040039.8032505752,1040039.8032505752
2023-07-28,1020274.0292944834,1020274.0292944834
2023-07-31,1022681.6973140263,1022681.6973140263
2023-08-01,1014699.5613054852,1014699.5613054852
2023-08-02,1027792.2887592108,1027792.2887592108
2023-08-03,1031575.8208246455,1031575.8208246455
2023-08-04,1023364.7862135267,1023364.7862135267
2023-08-07,1024830.7592934135,1024830.7592934135
2023-08-08,1027992.7396613944,1027992.7396613944
2023-08-09,1042408.9156893867,1042408.9156893867
2023-08-10,1043963.9806249081,1043963.9806249081
2023-08-11,1052800.1949986783,1052800.1949986783
2023-08-14,1053492.9610732063,1053492.9610732063
2023-08-15,1039960.0360859132,1039960.0360859132
2023-08-16,1083984.7882011835,1083984.7882011835
2023-08-17,1101357.8482127402,1101357.8482127402
2023-08-18,1087925.1994389156,1087925.1994389156
2023-08-21,1081069.3525823338,1081069.3525823338
2023-08-22,1085502.1503758002,1085502.1503758002
2023-08-23,1070122.0234301193,1070122.0234301193
2023-08-24,1066882.5686636495,1066882.5686636495
2023-08-25,1085164.4515984736,1085164.4515984736
2023-08-28,1082240.3967414498,1082240.3967414498
2023-08-29,1082511.2903603362,1082511.2903603362
2023-08-30,1072145.4490368813,1072145.4490368813
2023-08-31,1067628.7075383556,1067628.7075383556
2023-09-01,1072539.1270212757,1072539.1270212757
2023-09-04,1076851.5441007612,1076851.5441007612
2023-09-05,1095587.2726898668,1095587.2726898668
2023-09-06,1089082.3720513738,1089082.3720513738
2023-09-07,1112043.8204514994,1112043.8204514994
2023-09-08,1102296.9565169832,1102296.9565169832
2023-09-11,1105665.9438490942,1105665.9438490942
2023-09-12,1108642.6463107127,1108642.6463107127
2023-09-13,1105226.8426510512,1105226.8426510512
2023-09-14,1093413.3159261965,1093413.3159261965
2023-09-15,1092554.519469881,1092554.519469881
2023-09-18,1104430.3202530637,1104430.3202530637
2023-09-19,1098145.397215328,1098145.397215328
2023-09-20,1135222.4640955965,1135222.4640955965
2023-09-21,1100314.7217850187,1100314.7217850187
2023-09-22,1108356.371924156,1108356.371924156
2023-09-25,1133549.961472325,1133549.961472325
2023-09-26,1087535.280376493,1087535.280376493
2023-09-27,1103076.5390280883,1103076.5390280883
2023-09-28,1088449.9193603187,1088449.9193603187
2023-09-29,1095791.2587334006,1095791.2587334006
