date,strategy,nav
2025-02-28,1. Buy & Hold,1.0
2025-03-03,1. Buy & Hold,0.9849705465774238
2025-03-04,1. Buy & Hold,0.9669154856134545
2025-03-05,1. Buy & Hold,0.9750907808716148
2025-03-06,1. Buy & Hold,0.9559960416073484
2025-03-07,1. Buy & Hold,0.9560150407463868
2025-03-10,1. Buy & Hold,0.9291915703501611
2025-03-11,1. Buy & Hold,0.9214379491102493
2025-03-12,1. Buy & Hold,0.9258129095713333
2025-03-13,1. Buy & Hold,0.9105807282869919
2025-03-14,1. Buy & Hold,0.9277331135901371
2025-03-17,1. Buy & Hold,0.9315485498256639
2025-03-18,1. Buy & Hold,0.9208845824623367
2025-03-19,1. Buy & Hold,0.9320876673604045
2025-03-20,1. Buy & Hold,0.93126690180194
2025-03-21,1. Buy & Hold,0.9352649611218913
2025-03-24,1. Buy & Hold,0.9536117076828563
2025-03-25,1. Buy & Hold,0.9567255518332649
2025-03-26,1. Buy & Hold,0.9469099605495674
2025-03-27,1. Buy & Hold,0.9474521996266341
2025-03-28,1. Buy & Hold,0.9272278939290921
2025-03-31,1. Buy & Hold,0.9341695702720605
2025-04-01,1. Buy & Hold,0.933004993472848
2025-04-02,1. Buy & Hold,0.9388227358834483
2025-04-03,1. Buy & Hold,0.8985569294557472
2025-04-04,1. Buy & Hold,0.8464448827064984
2025-04-07,1. Buy & Hold,0.8439473374614986
2025-04-08,1. Buy & Hold,0.8303356422973072
2025-04-09,1. Buy & Hold,0.9032946290427843
2025-04-10,1. Buy & Hold,0.8742721328012701
2025-04-11,1. Buy & Hold,0.8892059567226932
2025-04-14,1. Buy & Hold,0.8945658545107602
2025-04-15,1. Buy & Hold,0.8959356935365138
2025-04-16,1. Buy & Hold,0.8763397483658589
2025-04-17,1. Buy & Hold,0.8830044124042257
2025-04-21,1. Buy & Hold,0.8666332331544849
2025-04-22,1. Buy & Hold,0.8907809129009676
2025-04-23,1. Buy & Hold,0.9018032573471932
2025-04-24,1. Buy & Hold,0.916273842296969
2025-04-25,1. Buy & Hold,0.9251458956559221
2025-04-28,1. Buy & Hold,0.9254548753503914
2025-04-29,1. Buy & Hold,0.9327056896646438
2025-04-30,1. Buy & Hold,0.932364392967319
2025-05-01,1. Buy & Hold,0.9379598182872895
2025-05-02,1. Buy & Hold,0.9513065593366048
2025-05-05,1. Buy & Hold,0.9442447859086105
2025-05-06,1. Buy & Hold,0.9383820618765587
2025-05-07,1. Buy & Hold,0.9455974599995274
2025-05-08,1. Buy & Hold,0.9513286897971562
2025-05-09,1. Buy & Hold,0.9510162454671469
2025-05-12,1. Buy & Hold,0.9788216871964258
2025-05-13,1. Buy & Hold,0.9863413376249404
2025-05-14,1. Buy & Hold,0.9926021863897775
2025-05-15,1. Buy & Hold,0.9968398107663149
2025-05-16,1. Buy & Hold,1.0034676317748403
2025-05-19,1. Buy & Hold,1.0024491214018678
2025-05-20,1. Buy & Hold,0.9999170717032894
2025-05-21,1. Buy & Hold,0.9877734402522551
2025-05-22,1. Buy & Hold,0.988656581778362
2025-05-23,1. Buy & Hold,0.9830600192141047
2025-05-27,1. Buy & Hold,1.0039631967720615
2025-05-28,1. Buy & Hold,0.998339781788652
2025-05-29,1. Buy & Hold,1.0021813178827743
2025-05-30,1. Buy & Hold,1.003385303882295
2025-06-02,1. Buy & Hold,1.005782596436408
2025-06-03,1. Buy & Hold,1.007699393631566
2025-06-04,1. Buy & Hold,1.0077619975790704
2025-06-05,1. Buy & Hold,0.9956470086885981
2025-06-06,1. Buy & Hold,1.0075482271081921
2025-06-09,1. Buy & Hold,1.0113708164423747
2025-06-10,1. Buy & Hold,1.02107576024802
2025-06-11,1. Buy & Hold,1.018034258694925
2025-06-12,1. Buy & Hold,1.0184242920691937
2025-06-13,1. Buy & Hold,1.0069728186990479
2025-06-16,1. Buy & Hold,1.015237892460202
2025-06-17,1. Buy & Hold,1.0075463328721792
2025-06-18,1. Buy & Hold,1.0034254185516198
2025-06-20,1. Buy & Hold,1.0014616039303643
2025-06-23,1. Buy & Hold,1.0142474110781665
2025-06-24,1. Buy & Hold,1.0220720850507596
2025-06-25,1. Buy & Hold,1.0219309124471576
2025-06-26,1. Buy & Hold,1.0295911083677387
2025-06-27,1. Buy & Hold,1.03692678349832
2025-06-30,1. Buy & Hold,1.0395855383998005
2025-07-01,1. Buy & Hold,1.0375164108396007
2025-07-02,1. Buy & Hold,1.042760733812414
2025-07-03,1. Buy & Hold,1.0509499006715395
2025-07-07,1. Buy & Hold,1.0413387574191688
2025-07-08,1. Buy & Hold,1.035661263377254
2025-07-09,1. Buy & Hold,1.0399683322099997
2025-07-10,1. Buy & Hold,1.0429836620837416
2025-07-11,1. Buy & Hold,1.0395510579195455
2025-07-14,1. Buy & Hold,1.0404690969290225
2025-07-15,1. Buy & Hold,1.0350087377571802
2025-07-16,1. Buy & Hold,1.0393130773228518
2025-07-17,1. Buy & Hold,1.0454413762826122
2025-07-18,1. Buy & Hold,1.0423485881802224
2025-07-21,1. Buy & Hold,1.0473675085319756
2025-07-22,1. Buy & Hold,1.0487347993328096
2025-07-23,1. Buy & Hold,1.054797153197803
2025-07-24,1. Buy & Hold,1.0540813545578378
2025-07-25,1. Buy & Hold,1.056229825130358
2025-07-28,1. Buy & Hold,1.0563917489920405
2025-07-29,1. Buy & Hold,1.0540685866526636
2025-07-30,1. Buy & Hold,1.051037902256008
2025-07-31,1. Buy & Hold,1.0498096428765258
2025-08-01,1. Buy & Hold,1.0342287907288301
2025-08-04,1. Buy & Hold,1.0484678391609719
2025-08-05,1. Buy & Hold,1.045133505415551
2025-08-06,1. Buy & Hold,1.0542715776876441
2025-08-07,1. Buy & Hold,1.052860031640254
2025-08-08,1. Buy & Hold,1.0656229923091494
2025-08-11,1. Buy & Hold,1.0667841877638273
2025-08-12,1. Buy & Hold,1.0754952345537345
2025-08-13,1. Buy & Hold,1.0766061091909087
2025-08-14,1. Buy & Hold,1.0793471587264551
2025-08-15,1. Buy & Hold,1.076153873410644
2025-08-18,1. Buy & Hold,1.0771958371095396
2025-08-19,1. Buy & Hold,1.0730733703137671
2025-08-20,1. Buy & Hold,1.0720202037821516
2025-08-21,1. Buy & Hold,1.0666591222779407
2025-08-22,1. Buy & Hold,1.0839164492335536
2025-08-25,1. Buy & Hold,1.0810083963064225
2025-08-26,1. Buy & Hold,1.0832814626800873
2025-08-27,1. Buy & Hold,1.084928159608833
2025-08-28,1. Buy & Hold,1.0853811092129595
2025-02-28,2. Equal Weight,1.0
2025-03-03,2. Equal Weight,0.9849705465774238
2025-03-04,2. Equal Weight,0.9669154856134545
2025-03-05,2. Equal Weight,0.9750907808716148
2025-03-06,2. Equal Weight,0.9559960416073484
2025-03-07,2. Equal Weight,0.9560150407463868
2025-03-10,2. Equal Weight,0.9291915703501611
2025-03-11,2. Equal Weight,0.9214379491102493
2025-03-12,2. Equal Weight,0.9258129095713333
2025-03-13,2. Equal Weight,0.9105807282869919
2025-03-14,2. Equal Weight,0.9277331135901371
2025-03-17,2. Equal Weight,0.9315485498256639
2025-03-18,2. Equal Weight,0.9208845824623367
2025-03-19,2. Equal Weight,0.9320876673604045
2025-03-20,2. Equal Weight,0.93126690180194
2025-03-21,2. Equal Weight,0.9352649611218913
2025-03-24,2. Equal Weight,0.9536117076828563
2025-03-25,2. Equal Weight,0.9567255518332649
2025-03-26,2. Equal Weight,0.9469099605495674
2025-03-27,2. Equal Weight,0.9474521996266341
2025-03-28,2. Equal Weight,0.9272278939290921
2025-03-31,2. Equal Weight,0.9341695702720605
2025-04-01,2. Equal Weight,0.933004993472848
2025-04-02,2. Equal Weight,0.9388227358834483
2025-04-03,2. Equal Weight,0.8985569294557472
2025-04-04,2. Equal Weight,0.8464448827064984
2025-04-07,2. Equal Weight,0.8439473374614986
2025-04-08,2. Equal Weight,0.8303356422973072
2025-04-09,2. Equal Weight,0.9032946290427843
2025-04-10,2. Equal Weight,0.8742721328012701
2025-04-11,2. Equal Weight,0.8892059567226932
2025-04-14,2. Equal Weight,0.8945658545107602
2025-04-15,2. Equal Weight,0.8959356935365138
2025-04-16,2. Equal Weight,0.8763397483658589
2025-04-17,2. Equal Weight,0.8830044124042257
2025-04-21,2. Equal Weight,0.8666332331544849
2025-04-22,2. Equal Weight,0.8907809129009676
2025-04-23,2. Equal Weight,0.9018032573471932
2025-04-24,2. Equal Weight,0.916273842296969
2025-04-25,2. Equal Weight,0.9251458956559221
2025-04-28,2. Equal Weight,0.9254548753503914
2025-04-29,2. Equal Weight,0.9327056896646438
2025-04-30,2. Equal Weight,0.932364392967319
2025-05-01,2. Equal Weight,0.9379598182872895
2025-05-02,2. Equal Weight,0.9513065593366048
2025-05-05,2. Equal Weight,0.9442447859086105
2025-05-06,2. Equal Weight,0.9383820618765587
2025-05-07,2. Equal Weight,0.9455974599995274
2025-05-08,2. Equal Weight,0.9513286897971562
2025-05-09,2. Equal Weight,0.9510162454671469
2025-05-12,2. Equal Weight,0.9788216871964258
2025-05-13,2. Equal Weight,0.9863413376249404
2025-05-14,2. Equal Weight,0.9926021863897775
2025-05-15,2. Equal Weight,0.9968398107663149
2025-05-16,2. Equal Weight,1.0034676317748403
2025-05-19,2. Equal Weight,1.0024491214018678
2025-05-20,2. Equal Weight,0.9999170717032894
2025-05-21,2. Equal Weight,0.9877734402522551
2025-05-22,2. Equal Weight,0.988656581778362
2025-05-23,2. Equal Weight,0.9830600192141047
2025-05-27,2. Equal Weight,1.0039631967720615
2025-05-28,2. Equal Weight,0.998339781788652
2025-05-29,2. Equal Weight,1.0021813178827743
2025-05-30,2. Equal Weight,1.003385303882295
2025-06-02,2. Equal Weight,1.005782596436408
2025-06-03,2. Equal Weight,1.007699393631566
2025-06-04,2. Equal Weight,1.0077619975790704
2025-06-05,2. Equal Weight,0.9956470086885981
2025-06-06,2. Equal Weight,1.0075482271081921
2025-06-09,2. Equal Weight,1.0113708164423747
2025-06-10,2. Equal Weight,1.02107576024802
2025-06-11,2. Equal Weight,1.018034258694925
2025-06-12,2. Equal Weight,1.0184242920691937
2025-06-13,2. Equal Weight,1.0069728186990479
2025-06-16,2. Equal Weight,1.015237892460202
2025-06-17,2. Equal Weight,1.0075463328721792
2025-06-18,2. Equal Weight,1.0034254185516198
2025-06-20,2. Equal Weight,1.0014616039303643
2025-06-23,2. Equal Weight,1.0142474110781665
2025-06-24,2. Equal Weight,1.0220720850507596
2025-06-25,2. Equal Weight,1.0219309124471576
2025-06-26,2. Equal Weight,1.0295911083677387
2025-06-27,2. Equal Weight,1.03692678349832
2025-06-30,2. Equal Weight,1.0395855383998005
2025-07-01,2. Equal Weight,1.0375164108396007
2025-07-02,2. Equal Weight,1.042760733812414
2025-07-03,2. Equal Weight,1.0509499006715395
2025-07-07,2. Equal Weight,1.0413387574191688
2025-07-08,2. Equal Weight,1.035661263377254
2025-07-09,2. Equal Weight,1.0399683322099997
2025-07-10,2. Equal Weight,1.0429836620837416
2025-07-11,2. Equal Weight,1.0395510579195455
2025-07-14,2. Equal Weight,1.0404690969290225
2025-07-15,2. Equal Weight,1.0350087377571802
2025-07-16,2. Equal Weight,1.0393130773228518
2025-07-17,2. Equal Weight,1.0454413762826122
2025-07-18,2. Equal Weight,1.0423485881802224
2025-07-21,2. Equal Weight,1.0473675085319756
2025-07-22,2. Equal Weight,1.0487347993328096
2025-07-23,2. Equal Weight,1.054797153197803
2025-07-24,2. Equal Weight,1.0540813545578378
2025-07-25,2. Equal Weight,1.056229825130358
2025-07-28,2. Equal Weight,1.0563917489920405
2025-07-29,2. Equal Weight,1.0540685866526636
2025-07-30,2. Equal Weight,1.051037902256008
2025-07-31,2. Equal Weight,1.0498096428765258
2025-08-01,2. Equal Weight,1.0342287907288301
2025-08-04,2. Equal Weight,1.0484678391609719
2025-08-05,2. Equal Weight,1.045133505415551
2025-08-06,2. Equal Weight,1.0542715776876441
2025-08-07,2. Equal Weight,1.052860031640254
2025-08-08,2. Equal Weight,1.0656229923091494
2025-08-11,2. Equal Weight,1.0667841877638273
2025-08-12,2. Equal Weight,1.0754952345537345
2025-08-13,2. Equal Weight,1.0766061091909087
2025-08-14,2. Equal Weight,1.0793471587264551
2025-08-15,2. Equal Weight,1.076153873410644
2025-08-18,2. Equal Weight,1.0771958371095396
2025-08-19,2. Equal Weight,1.0730733703137671
2025-08-20,2. Equal Weight,1.0720202037821516
2025-08-21,2. Equal Weight,1.0666591222779407
2025-08-22,2. Equal Weight,1.0839164492335536
2025-08-25,2. Equal Weight,1.0810083963064225
2025-08-26,2. Equal Weight,1.0832814626800873
2025-08-27,2. Equal Weight,1.084928159608833
2025-08-28,2. Equal Weight,1.0853811092129595
2025-02-28,3. Quintile Momentum,1.0
2025-03-03,3. Quintile Momentum,0.9631939928740644
2025-03-04,3. Quintile Momentum,0.9619085326605047
2025-03-05,3. Quintile Momentum,0.9694267589482994
2025-03-06,3. Quintile Momentum,0.9610903584500547
2025-03-07,3. Quintile Momentum,0.9708573002415217
2025-03-10,3. Quintile Momentum,0.956540318289117
2025-03-11,3. Quintile Momentum,0.9482085848812407
2025-03-12,3. Quintile Momentum,0.9612375156021561
2025-03-13,3. Quintile Momentum,0.956010036784435
2025-03-14,3. Quintile Momentum,0.9827512646291494
2025-03-17,3. Quintile Momentum,0.9858549117588197
2025-03-18,3. Quintile Momentum,0.9765774708721118
2025-03-19,3. Quintile Momentum,0.9864967996418511
2025-03-20,3. Quintile Momentum,0.9888121026430882
2025-03-21,3. Quintile Momentum,0.9898875598384578
2025-03-24,3. Quintile Momentum,0.9978078563885193
2025-03-25,3. Quintile Momentum,0.9938700166621783
2025-03-26,3. Quintile Momentum,0.97728932195557
2025-03-27,3. Quintile Momentum,0.9702653697094282
2025-03-28,3. Quintile Momentum,0.960857290025659
2025-03-31,3. Quintile Momentum,0.960857290025659
2025-04-01,3. Quintile Momentum,0.9609121914002128
2025-04-02,3. Quintile Momentum,0.9665151140818243
2025-04-03,3. Quintile Momentum,0.9279260897654119
2025-04-04,3. Quintile Momentum,0.8890030557120008
2025-04-07,3. Quintile Momentum,0.883772627091952
2025-04-08,3. Quintile Momentum,0.8670923819494814
2025-04-09,3. Quintile Momentum,0.9494150502225237
2025-04-10,3. Quintile Momentum,0.9188915658935217
2025-04-11,3. Quintile Momentum,0.9340728251534192
2025-04-14,3. Quintile Momentum,0.9373555908121562
2025-04-15,3. Quintile Momentum,0.9403351949683743
2025-04-16,3. Quintile Momentum,0.9050971349858398
2025-04-17,3. Quintile Momentum,0.9028899284190488
2025-04-21,3. Quintile Momentum,0.8809007901159437
2025-04-22,3. Quintile Momentum,0.8997970898029503
2025-04-23,3. Quintile Momentum,0.9130850439363956
2025-04-24,3. Quintile Momentum,0.935398868045617
2025-04-25,3. Quintile Momentum,0.9484385227425571
2025-04-28,3. Quintile Momentum,0.943743337096201
2025-04-29,3. Quintile Momentum,0.9546072927957013
2025-04-30,3. Quintile Momentum,0.9546072927957013
2025-05-01,3. Quintile Momentum,0.9546974888333983
2025-05-02,3. Quintile Momentum,0.9687587067559443
2025-05-05,3. Quintile Momentum,0.9555529960630514
2025-05-06,3. Quintile Momentum,0.9469581280043411
2025-05-07,3. Quintile Momentum,0.9557958751017429
2025-05-08,3. Quintile Momentum,0.9629304018763685
2025-05-09,3. Quintile Momentum,0.9559850431555457
2025-05-12,3. Quintile Momentum,0.9911861640431896
2025-05-13,3. Quintile Momentum,1.0029177662307631
2025-05-14,3. Quintile Momentum,1.0037240654699198
2025-05-15,3. Quintile Momentum,1.0123560567681131
2025-05-16,3. Quintile Momentum,1.0163958445875891
2025-05-19,3. Quintile Momentum,1.0136175272864854
2025-05-20,3. Quintile Momentum,1.011117415262413
2025-05-21,3. Quintile Momentum,0.9937459074541692
2025-05-22,3. Quintile Momentum,0.991325667001828
2025-05-23,3. Quintile Momentum,0.988560366484434
2025-05-27,3. Quintile Momentum,1.006818068187766
2025-05-28,3. Quintile Momentum,0.9963674329388811
2025-05-29,3. Quintile Momentum,1.0100667458223263
2025-05-30,3. Quintile Momentum,1.0100667458223265
2025-06-02,3. Quintile Momentum,1.012437933065411
2025-06-03,3. Quintile Momentum,1.0185911084878163
2025-06-04,3. Quintile Momentum,1.0142865188156376
2025-06-05,3. Quintile Momentum,1.0053313105775097
2025-06-06,3. Quintile Momentum,1.0166259932911972
2025-06-09,3. Quintile Momentum,1.020453037603631
2025-06-10,3. Quintile Momentum,1.0329463467886153
2025-06-11,3. Quintile Momentum,1.0300415542325865
2025-06-12,3. Quintile Momentum,1.037327553119199
2025-06-13,3. Quintile Momentum,1.030716620468332
2025-06-16,3. Quintile Momentum,1.0318227992441507
2025-06-17,3. Quintile Momentum,1.0245022545830718
2025-06-18,3. Quintile Momentum,1.0211947844318359
2025-06-20,3. Quintile Momentum,1.0332223814693482
2025-06-23,3. Quintile Momentum,1.0322221978572466
2025-06-24,3. Quintile Momentum,1.027703297319986
2025-06-25,3. Quintile Momentum,1.0298113041830406
2025-06-26,3. Quintile Momentum,1.0340155083318834
2025-06-27,3. Quintile Momentum,1.0356656558174488
2025-06-30,3. Quintile Momentum,1.0356656558174488
2025-07-01,3. Quintile Momentum,1.033166455904617
2025-07-02,3. Quintile Momentum,1.0582784513228425
2025-07-03,3. Quintile Momentum,1.0613831718202915
2025-07-07,3. Quintile Momentum,1.0338683906693797
2025-07-08,3. Quintile Momentum,1.0375872191208373
2025-07-09,3. Quintile Momentum,1.040119642286481
2025-07-10,3. Quintile Momentum,1.0569443150227624
2025-07-11,3. Quintile Momentum,1.0607209896065621
2025-07-14,3. Quintile Momentum,1.0590870986213015
2025-07-15,3. Quintile Momentum,1.0474594384869234
2025-07-16,3. Quintile Momentum,1.0590857731399157
2025-07-17,3. Quintile Momentum,1.0576427998577669
2025-07-18,3. Quintile Momentum,1.0684524912844255
2025-07-21,3. Quintile Momentum,1.0743092141076722
2025-07-22,3. Quintile Momentum,1.0909041548718
2025-07-23,3. Quintile Momentum,1.0916745419521547
2025-07-24,3. Quintile Momentum,1.0717068861176484
2025-07-25,3. Quintile Momentum,1.0761308385032584
2025-07-28,3. Quintile Momentum,1.0781044518917526
2025-07-29,3. Quintile Momentum,1.07556856470881
2025-07-30,3. Quintile Momentum,1.0669185542351773
2025-07-31,3. Quintile Momentum,1.0669185542351773
2025-08-01,3. Quintile Momentum,1.0621233826618344
2025-08-04,3. Quintile Momentum,1.0747610812348691
2025-08-05,3. Quintile Momentum,1.0910446993739815
2025-08-06,3. Quintile Momentum,1.105618715599181
2025-08-07,3. Quintile Momentum,1.1193515929916686
2025-08-08,3. Quintile Momentum,1.1429411038643216
2025-08-11,3. Quintile Momentum,1.1480363981378856
2025-08-12,3. Quintile Momentum,1.159725464503118
2025-08-13,3. Quintile Momentum,1.1771460045233133
2025-08-14,3. Quintile Momentum,1.1675998660552067
2025-08-15,3. Quintile Momentum,1.1613885119517262
2025-08-18,3. Quintile Momentum,1.1602708343477375
2025-08-19,3. Quintile Momentum,1.1667204115752596
2025-08-20,3. Quintile Momentum,1.1529170481200135
2025-08-21,3. Quintile Momentum,1.1494021833222225
2025-08-22,3. Quintile Momentum,1.1828510283291886
2025-08-25,3. Quintile Momentum,1.1764838540759748
2025-08-26,3. Quintile Momentum,1.1801268152623223
2025-08-27,3. Quintile Momentum,1.1820779902913041
2025-08-28,3. Quintile Momentum,1.1820779902913041
2025-02-28,4. Quintile Low Vol,1.0
2025-03-03,4. Quintile Low Vol,1.0092344599167409
2025-03-04,4. Quintile Low Vol,0.9868620895912169
2025-03-05,4. Quintile Low Vol,0.9894790618636734
2025-03-06,4. Quintile Low Vol,0.9882821007858593
2025-03-07,4. Quintile Low Vol,0.9935224752648388
2025-03-10,4. Quintile Low Vol,0.991382504813293
2025-03-11,4. Quintile Low Vol,0.9777293611467444
2025-03-12,4. Quintile Low Vol,0.9619732952398531
2025-03-13,4. Quintile Low Vol,0.959291785263669
2025-03-14,4. Quintile Low Vol,0.9599004584182504
2025-03-17,4. Quintile Low Vol,0.9677774320371723
2025-03-18,4. Quintile Low Vol,0.9635866440562828
2025-03-19,4. Quintile Low Vol,0.9651228661212767
2025-03-20,4. Quintile Low Vol,0.9653368688599805
2025-03-21,4. Quintile Low Vol,0.9610737391617885
2025-03-24,4. Quintile Low Vol,0.963507708532812
2025-03-25,4. Quintile Low Vol,0.9561968897515838
2025-03-26,4. Quintile Low Vol,0.9685656298400229
2025-03-27,4. Quintile Low Vol,0.9799798826038991
2025-03-28,4. Quintile Low Vol,0.9712245268572404
2025-03-31,4. Quintile Low Vol,0.9712245268572404
2025-04-01,4. Quintile Low Vol,0.9509643408575433
2025-04-02,4. Quintile Low Vol,0.9517084574094782
2025-04-03,4. Quintile Low Vol,0.9522466771181906
2025-04-04,4. Quintile Low Vol,0.8953365519346266
2025-04-07,4. Quintile Low Vol,0.8837680514269546
2025-04-08,4. Quintile Low Vol,0.8777432068777646
2025-04-09,4. Quintile Low Vol,0.9168191654870255
2025-04-10,4. Quintile Low Vol,0.9036816741313347
2025-04-11,4. Quintile Low Vol,0.9211052875589887
2025-04-14,4. Quintile Low Vol,0.9308475685834533
2025-04-15,4. Quintile Low Vol,0.9303798558568502
2025-04-16,4. Quintile Low Vol,0.9253405987865627
2025-04-17,4. Quintile Low Vol,0.9355638233704003
2025-04-21,4. Quintile Low Vol,0.9238418242216099
2025-04-22,4. Quintile Low Vol,0.9446948999262064
2025-04-23,4. Quintile Low Vol,0.9424357310555098
2025-04-24,4. Quintile Low Vol,0.9424751513538021
2025-04-25,4. Quintile Low Vol,0.9386434711046087
2025-04-28,4. Quintile Low Vol,0.9414326144858549
2025-04-29,4. Quintile Low Vol,0.9492283005772424
2025-04-30,4. Quintile Low Vol,0.9492283005772424
2025-05-01,4. Quintile Low Vol,0.937898408847332
2025-05-02,4. Quintile Low Vol,0.9479093942199238
2025-05-05,4. Quintile Low Vol,0.9446547272327342
2025-05-06,4. Quintile Low Vol,0.943606314227908
2025-05-07,4. Quintile Low Vol,0.9533635828714244
2025-05-08,4. Quintile Low Vol,0.9462583447489874
2025-05-09,4. Quintile Low Vol,0.9411590745903685
2025-05-12,4. Quintile Low Vol,0.9466986238721736
2025-05-13,4. Quintile Low Vol,0.9322855172327145
2025-05-14,4. Quintile Low Vol,0.9273122717132423
2025-05-15,4. Quintile Low Vol,0.9505306741359345
2025-05-16,4. Quintile Low Vol,0.9561552091110508
2025-05-19,4. Quintile Low Vol,0.9612175942411025
2025-05-20,4. Quintile Low Vol,0.9611839272837364
2025-05-21,4. Quintile Low Vol,0.9556622606281999
2025-05-22,4. Quintile Low Vol,0.9521504334657502
2025-05-23,4. Quintile Low Vol,0.9530832534930856
2025-05-27,4. Quintile Low Vol,0.9611100239276015
2025-05-28,4. Quintile Low Vol,0.9578137327262032
2025-05-29,4. Quintile Low Vol,0.9632288007974189
2025-05-30,4. Quintile Low Vol,0.9632288007974189
2025-06-02,4. Quintile Low Vol,0.9602845386719043
2025-06-03,4. Quintile Low Vol,0.9549964222877798
2025-06-04,4. Quintile Low Vol,0.9539714453660435
2025-06-05,4. Quintile Low Vol,0.9478417756850601
2025-06-06,4. Quintile Low Vol,0.9554410827105212
2025-06-09,4. Quintile Low Vol,0.9527372208012045
2025-06-10,4. Quintile Low Vol,0.9596280538807029
2025-06-11,4. Quintile Low Vol,0.9575329203934653
2025-06-12,4. Quintile Low Vol,0.9605299857339153
2025-06-13,4. Quintile Low Vol,0.9407954938967383
2025-06-16,4. Quintile Low Vol,0.9387934212008611
2025-06-17,4. Quintile Low Vol,0.9295923213436917
2025-06-18,4. Quintile Low Vol,0.9134411141022108
2025-06-20,4. Quintile Low Vol,0.9110559031268608
2025-06-23,4. Quintile Low Vol,0.9226152959261931
2025-06-24,4. Quintile Low Vol,0.9297812639087738
2025-06-25,4. Quintile Low Vol,0.9218131311730134
2025-06-26,4. Quintile Low Vol,0.920885656894567
2025-06-27,4. Quintile Low Vol,0.9278232703997074
2025-06-30,4. Quintile Low Vol,0.9278232703997074
2025-07-01,4. Quintile Low Vol,0.942544391219932
2025-07-02,4. Quintile Low Vol,0.9386481453239074
2025-07-03,4. Quintile Low Vol,0.9401277987432515
2025-07-07,4. Quintile Low Vol,0.9348530174166303
2025-07-08,4. Quintile Low Vol,0.9292296877375987
2025-07-09,4. Quintile Low Vol,0.9291829913400351
2025-07-10,4. Quintile Low Vol,0.9351169243631546
2025-07-11,4. Quintile Low Vol,0.930105155509795
2025-07-14,4. Quintile Low Vol,0.9239076192680368
2025-07-15,4. Quintile Low Vol,0.912212490995616
2025-07-16,4. Quintile Low Vol,0.9272547370824029
2025-07-17,4. Quintile Low Vol,0.932638258356623
2025-07-18,4. Quintile Low Vol,0.9307761723671438
2025-07-21,4. Quintile Low Vol,0.9353332748886084
2025-07-22,4. Quintile Low Vol,0.9486097778500415
2025-07-23,4. Quintile Low Vol,0.952067326399572
2025-07-24,4. Quintile Low Vol,0.9512783246393672
2025-07-25,4. Quintile Low Vol,0.9502754247036156
2025-07-28,4. Quintile Low Vol,0.9430392468468425
2025-07-29,4. Quintile Low Vol,0.9494802094868585
2025-07-30,4. Quintile Low Vol,0.9373656811939898
2025-07-31,4. Quintile Low Vol,0.9243194761302482
2025-08-01,4. Quintile Low Vol,0.935585525272908
2025-08-04,4. Quintile Low Vol,0.9462370772784882
2025-08-05,4. Quintile Low Vol,0.9486164834609585
2025-08-06,4. Quintile Low Vol,0.9541976055976907
2025-08-07,4. Quintile Low Vol,0.9591599242537293
2025-08-08,4. Quintile Low Vol,0.9626901899367825
2025-08-11,4. Quintile Low Vol,0.966716208038952
2025-08-12,4. Quintile Low Vol,0.9705245126528116
2025-08-13,4. Quintile Low Vol,0.9797342236813068
2025-08-14,4. Quintile Low Vol,0.970434953109898
2025-08-15,4. Quintile Low Vol,0.9748715618961333
2025-08-18,4. Quintile Low Vol,0.9707085221632048
2025-08-19,4. Quintile Low Vol,0.988150777380892
2025-08-20,4. Quintile Low Vol,0.9897605892166309
2025-08-21,4. Quintile Low Vol,0.9860745878161503
2025-08-22,4. Quintile Low Vol,0.9943430157700024
2025-08-25,4. Quintile Low Vol,0.9829425580685334
2025-08-26,4. Quintile Low Vol,0.9782487985942201
2025-08-27,4. Quintile Low Vol,0.9809164203666149
2025-08-28,4. Quintile Low Vol,0.9749336393577036
2025-02-28,5. Mean Reversion,1.0
2025-03-03,5. Mean Reversion,0.979377439963854
2025-03-04,5. Mean Reversion,0.9631573782090463
2025-03-05,5. Mean Reversion,0.9749381470191825
2025-03-06,5. Mean Reversion,0.9519695852168737
2025-03-07,5. Mean Reversion,0.9502087951121411
2025-03-10,5. Mean Reversion,0.9140920073638117
2025-03-11,5. Mean Reversion,0.9099098179377134
2025-03-12,5. Mean Reversion,0.9198854167954501
2025-03-13,5. Mean Reversion,0.9013100758957365
2025-03-14,5. Mean Reversion,0.9220755881277063
2025-03-17,5. Mean Reversion,0.922587462346927
2025-03-18,5. Mean Reversion,0.9085996499137224
2025-03-19,5. Mean Reversion,0.9224344011831812
2025-03-20,5. Mean Reversion,0.9212118611748839
2025-03-21,5. Mean Reversion,0.9287773845587247
2025-03-24,5. Mean Reversion,0.9527441436095391
2025-03-25,5. Mean Reversion,0.9590465109957153
2025-03-26,5. Mean Reversion,0.9429540913772118
2025-03-27,5. Mean Reversion,0.9409021643583427
2025-03-28,5. Mean Reversion,0.9162681345437158
2025-03-31,5. Mean Reversion,0.916268134543716
2025-04-01,5. Mean Reversion,0.9173689811874836
2025-04-02,5. Mean Reversion,0.9236711946732744
2025-04-03,5. Mean Reversion,0.8760937163846146
2025-04-04,5. Mean Reversion,0.8261432118875983
2025-04-07,5. Mean Reversion,0.8262757718451678
2025-04-08,5. Mean Reversion,0.8120104590180649
2025-04-09,5. Mean Reversion,0.8914284361547853
2025-04-10,5. Mean Reversion,0.8608935890436529
2025-04-11,5. Mean Reversion,0.8746927098486497
2025-04-14,5. Mean Reversion,0.8790715511502433
2025-04-15,5. Mean Reversion,0.8800868456005347
2025-04-16,5. Mean Reversion,0.8572338092547778
2025-04-17,5. Mean Reversion,0.86217490844244
2025-04-21,5. Mean Reversion,0.8451334802947186
2025-04-22,5. Mean Reversion,0.8694097036963947
2025-04-23,5. Mean Reversion,0.8834709122058856
2025-04-24,5. Mean Reversion,0.9001174939754014
2025-04-25,5. Mean Reversion,0.9095721718638697
2025-04-28,5. Mean Reversion,0.9093705827075611
2025-04-29,5. Mean Reversion,0.9168254378635536
2025-04-30,5. Mean Reversion,0.9168254378635536
2025-05-01,5. Mean Reversion,0.9213723706464649
2025-05-02,5. Mean Reversion,0.9335170895919451
2025-05-05,5. Mean Reversion,0.9262179923127141
2025-05-06,5. Mean Reversion,0.9203093631601428
2025-05-07,5. Mean Reversion,0.9294183217338893
2025-05-08,5. Mean Reversion,0.9367993413689462
2025-05-09,5. Mean Reversion,0.9364513359932523
2025-05-12,5. Mean Reversion,0.9688147897056907
2025-05-13,5. Mean Reversion,0.9747690226121692
2025-05-14,5. Mean Reversion,0.9788045752999792
2025-05-15,5. Mean Reversion,0.9818994025536651
2025-05-16,5. Mean Reversion,0.987300880703674
2025-05-19,5. Mean Reversion,0.9861428917520182
2025-05-20,5. Mean Reversion,0.9835362659352785
2025-05-21,5. Mean Reversion,0.9704070310226276
2025-05-22,5. Mean Reversion,0.9713563530661822
2025-05-23,5. Mean Reversion,0.965442261036946
2025-05-27,5. Mean Reversion,0.985001204020002
2025-05-28,5. Mean Reversion,0.9792890769231488
2025-05-29,5. Mean Reversion,0.9849107425206826
2025-05-30,5. Mean Reversion,0.9849107425206827
2025-06-02,5. Mean Reversion,0.9863749809238018
2025-06-03,5. Mean Reversion,0.98621846188721
2025-06-04,5. Mean Reversion,0.9849391456333926
2025-06-05,5. Mean Reversion,0.9765631786832862
2025-06-06,5. Mean Reversion,0.98772266747027
2025-06-09,5. Mean Reversion,0.9907190464647775
2025-06-10,5. Mean Reversion,0.9995961606350942
2025-06-11,5. Mean Reversion,0.9960307466782045
2025-06-12,5. Mean Reversion,0.9978798358072711
2025-06-13,5. Mean Reversion,0.9893297632772362
2025-06-16,5. Mean Reversion,0.9926519821752897
2025-06-17,5. Mean Reversion,0.9851060468259427
2025-06-18,5. Mean Reversion,0.979706271324947
2025-06-20,5. Mean Reversion,0.981473277107884
2025-06-23,5. Mean Reversion,0.9883153208432786
2025-06-24,5. Mean Reversion,0.9913315714752382
2025-06-25,5. Mean Reversion,0.989953431333286
2025-06-26,5. Mean Reversion,0.9947057374354064
2025-06-27,5. Mean Reversion,1.001133806788111
2025-06-30,5. Mean Reversion,1.001133806788111
2025-07-01,5. Mean Reversion,1.0043419741118933
2025-07-02,5. Mean Reversion,1.0102794805571305
2025-07-03,5. Mean Reversion,1.016233707123078
2025-07-07,5. Mean Reversion,1.0051663878722037
2025-07-08,5. Mean Reversion,1.0010141020971581
2025-07-09,5. Mean Reversion,1.0034108964068937
2025-07-10,5. Mean Reversion,1.0089271336353616
2025-07-11,5. Mean Reversion,1.0047905434179858
2025-07-14,5. Mean Reversion,1.0039244610495222
2025-07-15,5. Mean Reversion,0.9956419356380354
2025-07-16,5. Mean Reversion,1.0038867221347927
2025-07-17,5. Mean Reversion,1.0067509804160748
2025-07-18,5. Mean Reversion,1.006904384986788
2025-07-21,5. Mean Reversion,1.011868062811017
2025-07-22,5. Mean Reversion,1.0198693733259352
2025-07-23,5. Mean Reversion,1.0244226711368796
2025-07-24,5. Mean Reversion,1.0202072272227558
2025-07-25,5. Mean Reversion,1.0232570047608236
2025-07-28,5. Mean Reversion,1.0230004227471963
2025-07-29,5. Mean Reversion,1.022312678333764
2025-07-30,5. Mean Reversion,1.014885189544666
2025-07-31,5. Mean Reversion,1.0148851895446664
2025-08-01,5. Mean Reversion,1.0055136516201735
2025-08-04,5. Mean Reversion,1.0156021639314243
2025-08-05,5. Mean Reversion,1.0148269147268736
2025-08-06,5. Mean Reversion,1.0227749904864516
2025-08-07,5. Mean Reversion,1.0217767043461072
2025-08-08,5. Mean Reversion,1.0342959939372367
2025-08-11,5. Mean Reversion,1.0366146209996798
2025-08-12,5. Mean Reversion,1.0441752103955755
2025-08-13,5. Mean Reversion,1.0483860355027634
2025-08-14,5. Mean Reversion,1.048989864429181
2025-08-15,5. Mean Reversion,1.0464570211177058
2025-08-18,5. Mean Reversion,1.0477315190418248
2025-08-19,5. Mean Reversion,1.0495412790055774
2025-08-20,5. Mean Reversion,1.0506162618810533
2025-08-21,5. Mean Reversion,1.0454429285975855
2025-08-22,5. Mean Reversion,1.059678824584915
2025-08-25,5. Mean Reversion,1.0534290379605904
2025-08-26,5. Mean Reversion,1.0553645766538762
2025-08-27,5. Mean Reversion,1.0571634643146623
2025-08-28,5. Mean Reversion,1.0571634643146628
2025-02-28,6. GMVP,1.0
2025-03-03,6. GMVP,0.9941003012620899
2025-03-04,6. GMVP,0.9811278684255148
2025-03-05,6. GMVP,0.9849775505060713
2025-03-06,6. GMVP,0.9807458352184566
2025-03-07,6. GMVP,0.983827254975808
2025-03-10,6. GMVP,0.9746295322022899
2025-03-11,6. GMVP,0.9614559158256363
2025-03-12,6. GMVP,0.9536427540337354
2025-03-13,6. GMVP,0.9454635058332489
2025-03-14,6. GMVP,0.9556175088321128
2025-03-17,6. GMVP,0.9645625097933213
2025-03-18,6. GMVP,0.9568219831340646
2025-03-19,6. GMVP,0.9637754162029669
2025-03-20,6. GMVP,0.9623791458019424
2025-03-21,6. GMVP,0.9620081144801764
2025-03-24,6. GMVP,0.9674579654536741
2025-03-25,6. GMVP,0.9647431184157901
2025-03-26,6. GMVP,0.9682069029137637
2025-03-27,6. GMVP,0.9717541793085671
2025-03-28,6. GMVP,0.9604747157621512
2025-03-31,6. GMVP,0.9604747157621516
2025-04-01,6. GMVP,0.9515862473482763
2025-04-02,6. GMVP,0.9521902656767629
2025-04-03,6. GMVP,0.9427454049006805
2025-04-04,6. GMVP,0.8967832214331833
2025-04-07,6. GMVP,0.8866686206515886
2025-04-08,6. GMVP,0.8777502001552281
2025-04-09,6. GMVP,0.9234756904944238
2025-04-10,6. GMVP,0.9073361909900097
2025-04-11,6. GMVP,0.9246194471405276
2025-04-14,6. GMVP,0.9339279451164053
2025-04-15,6. GMVP,0.9302971351113444
2025-04-16,6. GMVP,0.9197409824487809
2025-04-17,6. GMVP,0.9333382402629434
2025-04-21,6. GMVP,0.92089673626495
2025-04-22,6. GMVP,0.9384254200859558
2025-04-23,6. GMVP,0.9371652203110241
2025-04-24,6. GMVP,0.9411422449746562
2025-04-25,6. GMVP,0.9434750644619215
2025-04-28,6. GMVP,0.9440806374913038
2025-04-29,6. GMVP,0.948298578317145
2025-04-30,6. GMVP,0.9482985783171451
2025-05-01,6. GMVP,0.9501636354234315
2025-05-02,6. GMVP,0.9604555239294467
2025-05-05,6. GMVP,0.9551394542629419
2025-05-06,6. GMVP,0.954188027629925
2025-05-07,6. GMVP,0.9560991859945315
2025-05-08,6. GMVP,0.9530283344323868
2025-05-09,6. GMVP,0.9479540791475257
2025-05-12,6. GMVP,0.9556202279661756
2025-05-13,6. GMVP,0.945591919765539
2025-05-14,6. GMVP,0.94666997509077
2025-05-15,6. GMVP,0.9638383313503084
2025-05-16,6. GMVP,0.9699932159249833
2025-05-19,6. GMVP,0.9725680959845644
2025-05-20,6. GMVP,0.971024326858963
2025-05-21,6. GMVP,0.9692036143929394
2025-05-22,6. GMVP,0.9661432054211642
2025-05-23,6. GMVP,0.9661992041369599
2025-05-27,6. GMVP,0.9757496162174971
2025-05-28,6. GMVP,0.9693266833168316
2025-05-29,6. GMVP,0.9732974495495444
2025-05-30,6. GMVP,0.979113683026175
2025-06-02,6. GMVP,0.9777183299229447
2025-06-03,6. GMVP,0.9732408858790036
2025-06-04,6. GMVP,0.9722358362066191
2025-06-05,6. GMVP,0.9696367132217588
2025-06-06,6. GMVP,0.9787132276356352
2025-06-09,6. GMVP,0.9811643026663366
2025-06-10,6. GMVP,0.9872888590237913
2025-06-11,6. GMVP,0.9848599035937774
2025-06-12,6. GMVP,0.9900663169604657
2025-06-13,6. GMVP,0.9828544070410913
2025-06-16,6. GMVP,0.9818040501195101
2025-06-17,6. GMVP,0.9725793152561958
2025-06-18,6. GMVP,0.967257067491369
2025-06-20,6. GMVP,0.9629794950725777
2025-06-23,6. GMVP,0.9711564883417645
2025-06-24,6. GMVP,0.9744765341279902
2025-06-25,6. GMVP,0.9746222182932166
2025-06-26,6. GMVP,0.9786357143113226
2025-06-27,6. GMVP,0.9858252996079039
2025-06-30,6. GMVP,0.9857489390379073
2025-07-01,6. GMVP,0.9934199645179022
2025-07-02,6. GMVP,0.9923833867208085
2025-07-03,6. GMVP,0.9984056684056245
2025-07-07,6. GMVP,0.9926911826431429
2025-07-08,6. GMVP,0.989360659857409
2025-07-09,6. GMVP,0.9910480188607332
2025-07-10,6. GMVP,0.9948319995166107
2025-07-11,6. GMVP,0.9946760415893818
2025-07-14,6. GMVP,0.9906556078592951
2025-07-15,6. GMVP,0.9863039904998483
2025-07-16,6. GMVP,0.9995035962481272
2025-07-17,6. GMVP,1.0057210630971347
2025-07-18,6. GMVP,0.9995134691891575
2025-07-21,6. GMVP,1.0048968773259757
2025-07-22,6. GMVP,1.0097839537337565
2025-07-23,6. GMVP,1.0109756142235977
2025-07-24,6. GMVP,1.0146905690222008
2025-07-25,6. GMVP,1.0142266773679234
2025-07-28,6. GMVP,1.0071347434005318
2025-07-29,6. GMVP,1.0162911396140792
2025-07-30,6. GMVP,1.0099931719767894
2025-07-31,6. GMVP,1.0044872538262608
2025-08-01,6. GMVP,1.0065217158308157
2025-08-04,6. GMVP,1.018557316029879
2025-08-05,6. GMVP,1.0155208294554914
2025-08-06,6. GMVP,1.018848771664394
2025-08-07,6. GMVP,1.0223790634764987
2025-08-08,6. GMVP,1.028962575373449
2025-08-11,6. GMVP,1.0312083037200586
2025-08-12,6. GMVP,1.0348426106140165
2025-08-13,6. GMVP,1.035152857381854
2025-08-14,6. GMVP,1.0317438782463886
2025-08-15,6. GMVP,1.0351756882889527
2025-08-18,6. GMVP,1.0313770711019157
2025-08-19,6. GMVP,1.0368809223316169
2025-08-20,6. GMVP,1.0387742872067653
2025-08-21,6. GMVP,1.0376524222184864
2025-08-22,6. GMVP,1.0439588647767508
2025-08-25,6. GMVP,1.0371266461291133
2025-08-26,6. GMVP,1.0322543757328062
2025-08-27,6. GMVP,1.0363004091145915
2025-08-28,6. GMVP,1.035145885060145
2025-02-28,7. Inverse Volatility,1.0
2025-03-03,7. Inverse Volatility,0.9891258081659979
2025-03-04,7. Inverse Volatility,0.968698885918913
2025-03-05,7. Inverse Volatility,0.9749911169788634
2025-03-06,7. Inverse Volatility,0.9595867018727725
2025-03-07,7. Inverse Volatility,0.9595762292280835
2025-03-10,7. Inverse Volatility,0.9392336485155668
2025-03-11,7. Inverse Volatility,0.9272979651216334
2025-03-12,7. Inverse Volatility,0.9268625790168807
2025-03-13,7. Inverse Volatility,0.9128576470526593
2025-03-14,7. Inverse Volatility,0.9276510491389194
2025-03-17,7. Inverse Volatility,0.9339422431650739
2025-03-18,7. Inverse Volatility,0.9266435318978586
2025-03-19,7. Inverse Volatility,0.9362807044587357
2025-03-20,7. Inverse Volatility,0.9352678884848837
2025-03-21,7. Inverse Volatility,0.9372940994162172
2025-03-24,7. Inverse Volatility,0.9517294694705207
2025-03-25,7. Inverse Volatility,0.9533667383967427
2025-03-26,7. Inverse Volatility,0.9486136099357925
2025-03-27,7. Inverse Volatility,0.950587975785605
2025-03-28,7. Inverse Volatility,0.9321269140105759
2025-03-31,7. Inverse Volatility,0.9414055437977074
2025-04-01,7. Inverse Volatility,0.9370167188537195
2025-04-02,7. Inverse Volatility,0.9411517558150405
2025-04-03,7. Inverse Volatility,0.9037264317943828
2025-04-04,7. Inverse Volatility,0.8520203854501192
2025-04-07,7. Inverse Volatility,0.8481775935556874
2025-04-08,7. Inverse Volatility,0.8356445593098643
2025-04-09,7. Inverse Volatility,0.9000747993239101
2025-04-10,7. Inverse Volatility,0.8738594016108794
2025-04-11,7. Inverse Volatility,0.8891061890114554
2025-04-14,7. Inverse Volatility,0.8949902501445943
2025-04-15,7. Inverse Volatility,0.8959241357133482
2025-04-16,7. Inverse Volatility,0.8796378380514579
2025-04-17,7. Inverse Volatility,0.8883631268816523
2025-04-21,7. Inverse Volatility,0.8735901120597075
2025-04-22,7. Inverse Volatility,0.8971134324137058
2025-04-23,7. Inverse Volatility,0.9050274294821797
2025-04-24,7. Inverse Volatility,0.9167402842499167
2025-04-25,7. Inverse Volatility,0.9210357515313289
2025-04-28,7. Inverse Volatility,0.9220764597674576
2025-04-29,7. Inverse Volatility,0.9291900132653407
2025-04-30,7. Inverse Volatility,0.9305266537505441
2025-05-01,7. Inverse Volatility,0.9340218188155434
2025-05-02,7. Inverse Volatility,0.9466625807246415
2025-05-05,7. Inverse Volatility,0.9406634528484956
2025-05-06,7. Inverse Volatility,0.935417022052404
2025-05-07,7. Inverse Volatility,0.9446032434030359
2025-05-08,7. Inverse Volatility,0.9497313356107574
2025-05-09,7. Inverse Volatility,0.9484623581349848
2025-05-12,7. Inverse Volatility,0.9730224581939877
2025-05-13,7. Inverse Volatility,0.9761342912649784
2025-05-14,7. Inverse Volatility,0.9788954249992944
2025-05-15,7. Inverse Volatility,0.9853763760894022
2025-05-16,7. Inverse Volatility,0.9913610336548812
2025-05-19,7. Inverse Volatility,0.9912277067394807
2025-05-20,7. Inverse Volatility,0.988927233802207
2025-05-21,7. Inverse Volatility,0.9764247120389677
2025-05-22,7. Inverse Volatility,0.9760278351528615
2025-05-23,7. Inverse Volatility,0.9709279219769054
2025-05-27,7. Inverse Volatility,0.9886313073177456
2025-05-28,7. Inverse Volatility,0.9835349521947466
2025-05-29,7. Inverse Volatility,0.9870537201227501
2025-05-30,7. Inverse Volatility,0.9909686111188488
2025-06-02,7. Inverse Volatility,0.9927123569612155
2025-06-03,7. Inverse Volatility,0.9940000355096912
2025-06-04,7. Inverse Volatility,0.994354716593296
2025-06-05,7. Inverse Volatility,0.9871748768962654
2025-06-06,7. Inverse Volatility,0.9978794852522986
2025-06-09,7. Inverse Volatility,0.9999295339381461
2025-06-10,7. Inverse Volatility,1.0087325770222395
2025-06-11,7. Inverse Volatility,1.0064007016352643
2025-06-12,7. Inverse Volatility,1.0071456542184376
2025-06-13,7. Inverse Volatility,0.9935008002916899
2025-06-16,7. Inverse Volatility,1.0005567543849845
2025-06-17,7. Inverse Volatility,0.9942028447647194
2025-06-18,7. Inverse Volatility,0.9871720523674088
2025-06-20,7. Inverse Volatility,0.986107275673277
2025-06-23,7. Inverse Volatility,0.9966051342317295
2025-06-24,7. Inverse Volatility,1.004797759775348
2025-06-25,7. Inverse Volatility,1.003624795468468
2025-06-26,7. Inverse Volatility,1.0107825343912147
2025-06-27,7. Inverse Volatility,1.017223848869592
2025-06-30,7. Inverse Volatility,1.0215906844449343
2025-07-01,7. Inverse Volatility,1.0241042995888765
2025-07-02,7. Inverse Volatility,1.0265292540797144
2025-07-03,7. Inverse Volatility,1.034723192856359
2025-07-07,7. Inverse Volatility,1.0272671526762363
2025-07-08,7. Inverse Volatility,1.0204461374870215
2025-07-09,7. Inverse Volatility,1.0235424827898365
2025-07-10,7. Inverse Volatility,1.0257241746871233
2025-07-11,7. Inverse Volatility,1.020152490089371
2025-07-14,7. Inverse Volatility,1.0205511929007849
2025-07-15,7. Inverse Volatility,1.013110392300117
2025-07-16,7. Inverse Volatility,1.0173611322664586
2025-07-17,7. Inverse Volatility,1.023694264182568
2025-07-18,7. Inverse Volatility,1.0197462947309512
2025-07-21,7. Inverse Volatility,1.0243239767106582
2025-07-22,7. Inverse Volatility,1.0277602474718972
2025-07-23,7. Inverse Volatility,1.0340065761396533
2025-07-24,7. Inverse Volatility,1.0349114455443476
2025-07-25,7. Inverse Volatility,1.0360980632458368
2025-07-28,7. Inverse Volatility,1.0338403353055559
2025-07-29,7. Inverse Volatility,1.0321415930645723
2025-07-30,7. Inverse Volatility,1.0276837556956313
2025-07-31,7. Inverse Volatility,1.0265187580788748
2025-08-01,7. Inverse Volatility,1.012716194145944
2025-08-04,7. Inverse Volatility,1.0249162237679719
2025-08-05,7. Inverse Volatility,1.0219341073486758
2025-08-06,7. Inverse Volatility,1.0281666070277842
2025-08-07,7. Inverse Volatility,1.0249805477035385
2025-08-08,7. Inverse Volatility,1.0364120519282818
2025-08-11,7. Inverse Volatility,1.0368650620030688
2025-08-12,7. Inverse Volatility,1.045005243117118
2025-08-13,7. Inverse Volatility,1.0484051148800764
2025-08-14,7. Inverse Volatility,1.0509896187511019
2025-08-15,7. Inverse Volatility,1.0481799061445194
2025-08-18,7. Inverse Volatility,1.0487107729235399
2025-08-19,7. Inverse Volatility,1.048253742239822
2025-08-20,7. Inverse Volatility,1.0490352184991196
2025-08-21,7. Inverse Volatility,1.0443895159186762
2025-08-22,7. Inverse Volatility,1.059376683905984
2025-08-25,7. Inverse Volatility,1.0541308670241334
2025-08-26,7. Inverse Volatility,1.0554728635224297
2025-08-27,7. Inverse Volatility,1.0576034933811014
2025-08-28,7. Inverse Volatility,1.0578602037342764
2025-02-28,8. Risk Parity,1.0
2025-03-03,8. Risk Parity,0.9910421399430156
2025-03-04,8. Risk Parity,0.9729037241848906
2025-03-05,8. Risk Parity,0.9784895290958183
2025-03-06,8. Risk Parity,0.9667034876203922
2025-03-07,8. Risk Parity,0.967983805720699
2025-03-10,8. Risk Parity,0.951091170409021
2025-03-11,8. Risk Parity,0.9395169944753006
2025-03-12,8. Risk Parity,0.9364063567714898
2025-03-13,8. Risk Parity,0.9240624229053707
2025-03-14,8. Risk Parity,0.9368891908299212
2025-03-17,8. Risk Parity,0.9440318631932852
2025-03-18,8. Risk Parity,0.936331953583251
2025-03-19,8. Risk Parity,0.9448280847970366
2025-03-20,8. Risk Parity,0.9438659643054748
2025-03-21,8. Risk Parity,0.9452099556677983
2025-03-24,8. Risk Parity,0.9570300529837288
2025-03-25,8. Risk Parity,0.9565995273129828
2025-03-26,8. Risk Parity,0.9542214336507753
2025-03-27,8. Risk Parity,0.9566819702538084
2025-03-28,8. Risk Parity,0.9410557208744988
2025-03-31,8. Risk Parity,0.9509515868222356
2025-04-01,8. Risk Parity,0.9452520110938469
2025-04-02,8. Risk Parity,0.9486684398557274
2025-04-03,8. Risk Parity,0.9191631754743319
2025-04-04,8. Risk Parity,0.8686635104031515
2025-04-07,8. Risk Parity,0.8623341430363066
2025-04-08,8. Risk Parity,0.8498754052360992
2025-04-09,8. Risk Parity,0.9085510730048652
2025-04-10,8. Risk Parity,0.8856171267759545
2025-04-11,8. Risk Parity,0.9013131534196213
2025-04-14,8. Risk Parity,0.9086523503046698
2025-04-15,8. Risk Parity,0.9085579506027476
2025-04-16,8. Risk Parity,0.8938088822618931
2025-04-17,8. Risk Parity,0.904781014365421
2025-04-21,8. Risk Parity,0.8906237009387167
2025-04-22,8. Risk Parity,0.9126636189114063
2025-04-23,8. Risk Parity,0.9175269926048083
2025-04-24,8. Risk Parity,0.9260156679623286
2025-04-25,8. Risk Parity,0.929997475960306
2025-04-28,8. Risk Parity,0.9311752623040924
2025-04-29,8. Risk Parity,0.9378760874141172
2025-04-30,8. Risk Parity,0.9387567256949005
2025-05-01,8. Risk Parity,0.9402023807873514
2025-05-02,8. Risk Parity,0.9515416534934159
2025-05-05,8. Risk Parity,0.9446730591275406
2025-05-06,8. Risk Parity,0.940220220848048
2025-05-07,8. Risk Parity,0.9474843495081486
2025-05-08,8. Risk Parity,0.9504542608424196
2025-05-09,8. Risk Parity,0.9481033004191105
2025-05-12,8. Risk Parity,0.9693326144535821
2025-05-13,8. Risk Parity,0.9697542067932505
2025-05-14,8. Risk Parity,0.9714601608698118
2025-05-15,8. Risk Parity,0.9800797594035303
2025-05-16,8. Risk Parity,0.9862987676483853
2025-05-19,8. Risk Parity,0.9863080488850878
2025-05-20,8. Risk Parity,0.9844489654620644
2025-05-21,8. Risk Parity,0.9742869831627721
2025-05-22,8. Risk Parity,0.973118304465615
2025-05-23,8. Risk Parity,0.9697792955397361
2025-05-27,8. Risk Parity,0.9855755233024288
2025-05-28,8. Risk Parity,0.9800196179299513
2025-05-29,8. Risk Parity,0.9835831785832849
2025-05-30,8. Risk Parity,0.9879801751754824
2025-06-02,8. Risk Parity,0.9892746093118387
2025-06-03,8. Risk Parity,0.9893292813556163
2025-06-04,8. Risk Parity,0.988958754199269
2025-06-05,8. Risk Parity,0.981364070910945
2025-06-06,8. Risk Parity,0.9916754355923229
2025-06-09,8. Risk Parity,0.993877195352086
2025-06-10,8. Risk Parity,1.0022341282410492
2025-06-11,8. Risk Parity,0.9999523976703643
2025-06-12,8. Risk Parity,1.0014515911084136
2025-06-13,8. Risk Parity,0.9904412911028964
2025-06-16,8. Risk Parity,0.9956088493696191
2025-06-17,8. Risk Parity,0.9885759921283335
2025-06-18,8. Risk Parity,0.9828158889026792
2025-06-20,8. Risk Parity,0.9822749351544816
2025-06-23,8. Risk Parity,0.9916704986644885
2025-06-24,8. Risk Parity,0.9974307363078564
2025-06-25,8. Risk Parity,0.9961312434943528
2025-06-26,8. Risk Parity,1.0021152066338535
2025-06-27,8. Risk Parity,1.0087146879481108
2025-06-30,8. Risk Parity,1.0115975910888892
2025-07-01,8. Risk Parity,1.01553003290008
2025-07-02,8. Risk Parity,1.0178400352236525
2025-07-03,8. Risk Parity,1.0250568641179676
2025-07-07,8. Risk Parity,1.0182033215667523
2025-07-08,8. Risk Parity,1.012721384899096
2025-07-09,8. Risk Parity,1.014954494989373
2025-07-10,8. Risk Parity,1.0172414103742489
2025-07-11,8. Risk Parity,1.0128616345558037
2025-07-14,8. Risk Parity,1.0116232042693012
2025-07-15,8. Risk Parity,1.004496298037383
2025-07-16,8. Risk Parity,1.009975145346144
2025-07-17,8. Risk Parity,1.015759135266527
2025-07-18,8. Risk Parity,1.010553862270287
2025-07-21,8. Risk Parity,1.015101655998721
2025-07-22,8. Risk Parity,1.0195899104496864
2025-07-23,8. Risk Parity,1.024573226185209
2025-07-24,8. Risk Parity,1.0260456548189312
2025-07-25,8. Risk Parity,1.0263404711639796
2025-07-28,8. Risk Parity,1.023359688064784
2025-07-29,8. Risk Parity,1.0238904928902088
2025-07-30,8. Risk Parity,1.0180925100112952
2025-07-31,8. Risk Parity,1.0153454382556646
2025-08-01,8. Risk Parity,1.0055037122914041
2025-08-04,8. Risk Parity,1.016379020892624
2025-08-05,8. Risk Parity,1.0144248317997535
2025-08-06,8. Risk Parity,1.0211769681389475
2025-08-07,8. Risk Parity,1.0202702844627405
2025-08-08,8. Risk Parity,1.030834421481723
2025-08-11,8. Risk Parity,1.0317385220308073
2025-08-12,8. Risk Parity,1.038336512902709
2025-08-13,8. Risk Parity,1.0409386113500758
2025-08-14,8. Risk Parity,1.0417766727668427
2025-08-15,8. Risk Parity,1.040241876806518
2025-08-18,8. Risk Parity,1.0404548523505173
2025-08-19,8. Risk Parity,1.041677229473641
2025-08-20,8. Risk Parity,1.043198877061605
2025-08-21,8. Risk Parity,1.0385411119695145
2025-08-22,8. Risk Parity,1.0508840713386658
2025-08-25,8. Risk Parity,1.045102349880916
2025-08-26,8. Risk Parity,1.0451424779836462
2025-08-27,8. Risk Parity,1.047765209402738
2025-08-28,8. Risk Parity,1.047304294084766
2025-02-28,9. Max Diversification,1.0
2025-03-03,9. Max Diversification,0.9907825880791116
2025-03-04,9. Max Diversification,0.9777676947542036
2025-03-05,9. Max Diversification,0.9817519003694113
2025-03-06,9. Max Diversification,0.9731851623174335
2025-03-07,9. Max Diversification,0.976727388643842
2025-03-10,9. Max Diversification,0.9632922692075591
2025-03-11,9. Max Diversification,0.9508926191106156
2025-03-12,9. Max Diversification,0.9466889698619094
2025-03-13,9. Max Diversification,0.9368724228128931
2025-03-14,9. Max Diversification,0.9490291807707415
2025-03-17,9. Max Diversification,0.9564376834407556
2025-03-18,9. Max Diversification,0.9473856420272243
2025-03-19,9. Max Diversification,0.9551868352656276
2025-03-20,9. Max Diversification,0.9533991212950548
2025-03-21,9. Max Diversification,0.9552039442829943
2025-03-24,9. Max Diversification,0.963986774457762
2025-03-25,9. Max Diversification,0.9612996091903384
2025-03-26,9. Max Diversification,0.9600902985691577
2025-03-27,9. Max Diversification,0.9610383338226043
2025-03-28,9. Max Diversification,0.9494466491432673
2025-03-31,9. Max Diversification,0.9592461910312089
2025-04-01,9. Max Diversification,0.9512108450241157
2025-04-02,9. Max Diversification,0.9537302853303123
2025-04-03,9. Max Diversification,0.9301559410996044
2025-04-04,9. Max Diversification,0.879416168842037
2025-04-07,9. Max Diversification,0.8718788874988552
2025-04-08,9. Max Diversification,0.8589824699212018
2025-04-09,9. Max Diversification,0.913753296294919
2025-04-10,9. Max Diversification,0.8900458390875765
2025-04-11,9. Max Diversification,0.9068620118415361
2025-04-14,9. Max Diversification,0.9150248415575447
2025-04-15,9. Max Diversification,0.9133782383832794
2025-04-16,9. Max Diversification,0.9003167981765057
2025-04-17,9. Max Diversification,0.9145559351154025
2025-04-21,9. Max Diversification,0.9001807820605225
2025-04-22,9. Max Diversification,0.9198910720021806
2025-04-23,9. Max Diversification,0.9212344469728113
2025-04-24,9. Max Diversification,0.9258862542406566
2025-04-25,9. Max Diversification,0.9318685138524544
2025-04-28,9. Max Diversification,0.9330806905196047
2025-04-29,9. Max Diversification,0.9387215226646082
2025-04-30,9. Max Diversification,0.9387215226646084
2025-05-01,9. Max Diversification,0.934559372414759
2025-05-02,9. Max Diversification,0.945338738730108
2025-05-05,9. Max Diversification,0.9372433831210196
2025-05-06,9. Max Diversification,0.9356431800636885
2025-05-07,9. Max Diversification,0.9389881106700383
2025-05-08,9. Max Diversification,0.9374242585588909
2025-05-09,9. Max Diversification,0.932804065798394
2025-05-12,9. Max Diversification,0.9470798852631303
2025-05-13,9. Max Diversification,0.9415035234115018
2025-05-14,9. Max Diversification,0.9441312535581512
2025-05-15,9. Max Diversification,0.9578856529107164
2025-05-16,9. Max Diversification,0.9650906351622878
2025-05-19,9. Max Diversification,0.9666084093532497
2025-05-20,9. Max Diversification,0.9656260524036859
2025-05-21,9. Max Diversification,0.9635270878838269
2025-05-22,9. Max Diversification,0.9621201408921353
2025-05-23,9. Max Diversification,0.9613526218767318
2025-05-27,9. Max Diversification,0.9738367807539966
2025-05-28,9. Max Diversification,0.9680935249834629
2025-05-29,9. Max Diversification,0.9731488792367852
2025-05-30,9. Max Diversification,0.9764004776972682
2025-06-02,9. Max Diversification,0.9758343912826
2025-06-03,9. Max Diversification,0.9728245152497107
2025-06-04,9. Max Diversification,0.9716556722221802
2025-06-05,9. Max Diversification,0.9637052255789859
2025-06-06,9. Max Diversification,0.975094526895688
2025-06-09,9. Max Diversification,0.977642033147105
2025-06-10,9. Max Diversification,0.9862184654993293
2025-06-11,9. Max Diversification,0.9828845244189227
2025-06-12,9. Max Diversification,0.9864202868939301
2025-06-13,9. Max Diversification,0.9807645497551323
2025-06-16,9. Max Diversification,0.9819981720844945
2025-06-17,9. Max Diversification,0.9714752017284327
2025-06-18,9. Max Diversification,0.9659742645277818
2025-06-20,9. Max Diversification,0.9612538079955706
2025-06-23,9. Max Diversification,0.9688651463513748
2025-06-24,9. Max Diversification,0.972604513324095
2025-06-25,9. Max Diversification,0.9743858652665311
2025-06-26,9. Max Diversification,0.9793915619081346
2025-06-27,9. Max Diversification,0.9884400018936976
2025-06-30,9. Max Diversification,0.9884400018936972
2025-07-01,9. Max Diversification,0.9947971851545773
2025-07-02,9. Max Diversification,0.9984412672672802
2025-07-03,9. Max Diversification,1.003358513300814
2025-07-07,9. Max Diversification,0.9960542301766915
2025-07-08,9. Max Diversification,0.9941720469575696
2025-07-09,9. Max Diversification,0.9957711800092867
2025-07-10,9. Max Diversification,1.0019621631485995
2025-07-11,9. Max Diversification,1.001724616434051
2025-07-14,9. Max Diversification,0.9974366701176686
2025-07-15,9. Max Diversification,0.9953632367284485
2025-07-16,9. Max Diversification,1.0147209622857627
2025-07-17,9. Max Diversification,1.018283455351158
2025-07-18,9. Max Diversification,1.0133369694049914
2025-07-21,9. Max Diversification,1.018197001051262
2025-07-22,9. Max Diversification,1.024576808390974
2025-07-23,9. Max Diversification,1.028069627479474
2025-07-24,9. Max Diversification,1.031444291360823
2025-07-25,9. Max Diversification,1.0291985440156242
2025-07-28,9. Max Diversification,1.023950478147964
2025-07-29,9. Max Diversification,1.0318364630395764
2025-07-30,9. Max Diversification,1.0273106573420527
2025-07-31,9. Max Diversification,1.012742987196527
2025-08-01,9. Max Diversification,1.0131800765252337
2025-08-04,9. Max Diversification,1.0265877488626869
2025-08-05,9. Max Diversification,1.0246368241772177
2025-08-06,9. Max Diversification,1.0299715936228275
2025-08-07,9. Max Diversification,1.035533056472574
2025-08-08,9. Max Diversification,1.0452837780527144
2025-08-11,9. Max Diversification,1.0479927523027162
2025-08-12,9. Max Diversification,1.0490713610254385
2025-08-13,9. Max Diversification,1.0507897092670921
2025-08-14,9. Max Diversification,1.0491703343458303
2025-08-15,9. Max Diversification,1.0528920831834625
2025-08-18,9. Max Diversification,1.053031766232619
2025-08-19,9. Max Diversification,1.0552206177478853
2025-08-20,9. Max Diversification,1.0587341807006616
2025-08-21,9. Max Diversification,1.0582753153963649
2025-08-22,9. Max Diversification,1.0663422897957098
2025-08-25,9. Max Diversification,1.0624883190849264
2025-08-26,9. Max Diversification,1.059193478838723
2025-08-27,9. Max Diversification,1.0618839956430437
2025-08-28,9. Max Diversification,1.0587456314096801
2025-02-28,10. Max Decorrelation,1.0
2025-03-03,10. Max Decorrelation,0.9790255241965625
2025-03-04,10. Max Decorrelation,0.9690127583574969
2025-03-05,10. Max Decorrelation,0.9755802207558003
2025-03-06,10. Max Decorrelation,0.9572270917462985
2025-03-07,10. Max Decorrelation,0.9616162925537161
2025-03-10,10. Max Decorrelation,0.9365173113951778
2025-03-11,10. Max Decorrelation,0.9297877486607323
2025-03-12,10. Max Decorrelation,0.937874901032914
2025-03-13,10. Max Decorrelation,0.9263633421422633
2025-03-14,10. Max Decorrelation,0.9452206403202631
2025-03-17,10. Max Decorrelation,0.9474728464633492
2025-03-18,10. Max Decorrelation,0.9332602313849592
2025-03-19,10. Max Decorrelation,0.944140279205486
2025-03-20,10. Max Decorrelation,0.9434248047188462
2025-03-21,10. Max Decorrelation,0.9468824188396557
2025-03-24,10. Max Decorrelation,0.9633589274749939
2025-03-25,10. Max Decorrelation,0.9635521301410066
2025-03-26,10. Max Decorrelation,0.9508948704793673
2025-03-27,10. Max Decorrelation,0.94828014759968
2025-03-28,10. Max Decorrelation,0.9330205519352126
2025-03-31,10. Max Decorrelation,0.9385101219985145
2025-04-01,10. Max Decorrelation,0.9364256238140414
2025-04-02,10. Max Decorrelation,0.9408696736433271
2025-04-03,10. Max Decorrelation,0.9058957301887927
2025-04-04,10. Max Decorrelation,0.852584354155857
2025-04-07,10. Max Decorrelation,0.8505023474354229
2025-04-08,10. Max Decorrelation,0.8366501034962096
2025-04-09,10. Max Decorrelation,0.9115090281500998
2025-04-10,10. Max Decorrelation,0.8795600277090412
2025-04-11,10. Max Decorrelation,0.8962712959954927
2025-04-14,10. Max Decorrelation,0.902072664876168
2025-04-15,10. Max Decorrelation,0.9027475196808239
2025-04-16,10. Max Decorrelation,0.8815497515421394
2025-04-17,10. Max Decorrelation,0.8889771412835191
2025-04-21,10. Max Decorrelation,0.8708474492261764
2025-04-22,10. Max Decorrelation,0.8918910920144333
2025-04-23,10. Max Decorrelation,0.9006680981806267
2025-04-24,10. Max Decorrelation,0.9124946840063388
2025-04-25,10. Max Decorrelation,0.9261161490205009
2025-04-28,10. Max Decorrelation,0.9249077904685159
2025-04-29,10. Max Decorrelation,0.931046177547785
2025-04-30,10. Max Decorrelation,0.9310461775477851
2025-05-01,10. Max Decorrelation,0.9333958193950574
2025-05-02,10. Max Decorrelation,0.947783757941342
2025-05-05,10. Max Decorrelation,0.9393065356342476
2025-05-06,10. Max Decorrelation,0.9366358317814306
2025-05-07,10. Max Decorrelation,0.9418832507695276
2025-05-08,10. Max Decorrelation,0.9437406296470445
2025-05-09,10. Max Decorrelation,0.9411856368388424
2025-05-12,10. Max Decorrelation,0.9661112174330881
2025-05-13,10. Max Decorrelation,0.9758752729233107
2025-05-14,10. Max Decorrelation,0.9889068055020682
2025-05-15,10. Max Decorrelation,0.996179688675373
2025-05-16,10. Max Decorrelation,1.0037268471172984
2025-05-19,10. Max Decorrelation,1.0036958963083407
2025-05-20,10. Max Decorrelation,1.0006358055535283
2025-05-21,10. Max Decorrelation,0.9949670258271563
2025-05-22,10. Max Decorrelation,0.996934697839136
2025-05-23,10. Max Decorrelation,0.9928188079778111
2025-05-27,10. Max Decorrelation,1.0132753625018718
2025-05-28,10. Max Decorrelation,1.0071231291833111
2025-05-29,10. Max Decorrelation,1.0163577572161122
2025-05-30,10. Max Decorrelation,1.011521544910908
2025-06-02,10. Max Decorrelation,1.0140499245139443
2025-06-03,10. Max Decorrelation,1.0170347868739607
2025-06-04,10. Max Decorrelation,1.0167550896682127
2025-06-05,10. Max Decorrelation,1.0018375143154774
2025-06-06,10. Max Decorrelation,1.0155690550115537
2025-06-09,10. Max Decorrelation,1.020941073145556
2025-06-10,10. Max Decorrelation,1.031998170583592
2025-06-11,10. Max Decorrelation,1.0281270031575023
2025-06-12,10. Max Decorrelation,1.0319802703889713
2025-06-13,10. Max Decorrelation,1.024533222516829
2025-06-16,10. Max Decorrelation,1.0313666220870348
2025-06-17,10. Max Decorrelation,1.0212470629343318
2025-06-18,10. Max Decorrelation,1.0193955144929894
2025-06-20,10. Max Decorrelation,1.0122251310701667
2025-06-23,10. Max Decorrelation,1.0218245940108959
2025-06-24,10. Max Decorrelation,1.0294643514752846
2025-06-25,10. Max Decorrelation,1.038710825333959
2025-06-26,10. Max Decorrelation,1.0452705416045043
2025-06-27,10. Max Decorrelation,1.0568909550692445
2025-06-30,10. Max Decorrelation,1.0568909550692445
2025-07-01,10. Max Decorrelation,1.0543835121174978
2025-07-02,10. Max Decorrelation,1.0642422193880678
2025-07-03,10. Max Decorrelation,1.0706946120569132
2025-07-07,10. Max Decorrelation,1.059901134243564
2025-07-08,10. Max Decorrelation,1.0600267997943462
2025-07-09,10. Max Decorrelation,1.064727123406969
2025-07-10,10. Max Decorrelation,1.072419242640414
2025-07-11,10. Max Decorrelation,1.0742258275106848
2025-07-14,10. Max Decorrelation,1.071079045665799
2025-07-15,10. Max Decorrelation,1.074647790313605
2025-07-16,10. Max Decorrelation,1.0917095577036893
2025-07-17,10. Max Decorrelation,1.0961544911217174
2025-07-18,10. Max Decorrelation,1.0920275305997524
2025-07-21,10. Max Decorrelation,1.0966282793196667
2025-07-22,10. Max Decorrelation,1.0978360298731393
2025-07-23,10. Max Decorrelation,1.1040210237734345
2025-07-24,10. Max Decorrelation,1.106570625393804
2025-07-25,10. Max Decorrelation,1.1062270038556354
2025-07-28,10. Max Decorrelation,1.1065966492251398
2025-07-29,10. Max Decorrelation,1.111620144553592
2025-07-30,10. Max Decorrelation,1.1117149870746186
2025-07-31,10. Max Decorrelation,1.095817834890222
2025-08-01,10. Max Decorrelation,1.0894258788904412
2025-08-04,10. Max Decorrelation,1.108213620928954
2025-08-05,10. Max Decorrelation,1.1045729686912718
2025-08-06,10. Max Decorrelation,1.1122469222037925
2025-08-07,10. Max Decorrelation,1.1180536083596644
2025-08-08,10. Max Decorrelation,1.1308060239441786
2025-08-11,10. Max Decorrelation,1.133377850797288
2025-08-12,10. Max Decorrelation,1.1365831235266182
2025-08-13,10. Max Decorrelation,1.1358300138030997
2025-08-14,10. Max Decorrelation,1.135540429683315
2025-08-15,10. Max Decorrelation,1.1363500484072249
2025-08-18,10. Max Decorrelation,1.13893063075286
2025-08-19,10. Max Decorrelation,1.1325674842467144
2025-08-20,10. Max Decorrelation,1.1336770334620363
2025-08-21,10. Max Decorrelation,1.1324782575237422
2025-08-22,10. Max Decorrelation,1.1469690231400118
2025-08-25,10. Max Decorrelation,1.147723320203183
2025-08-26,10. Max Decorrelation,1.1475909282484673
2025-08-27,10. Max Decorrelation,1.1495249452038592
2025-08-28,10. Max Decorrelation,1.1467702932688908
2025-02-28,11. Sharpe Maximization,1.0
2025-03-03,11. Sharpe Maximization,0.993543054969008
2025-03-04,11. Sharpe Maximization,0.963764031593058
2025-03-05,11. Sharpe Maximization,0.9722348830275757
2025-03-06,11. Sharpe Maximization,0.9531491846488888
2025-03-07,11. Sharpe Maximization,0.9437526143596443
2025-03-10,11. Sharpe Maximization,0.9107424232567013
2025-03-11,11. Sharpe Maximization,0.9095399538089523
2025-03-12,11. Sharpe Maximization,0.905167803486178
2025-03-13,11. Sharpe Maximization,0.8917068222489201
2025-03-14,11. Sharpe Maximization,0.9052794102608398
2025-03-17,11. Sharpe Maximization,0.9149665953302011
2025-03-18,11. Sharpe Maximization,0.9012229375244826
2025-03-19,11. Sharpe Maximization,0.9105634763255401
2025-03-20,11. Sharpe Maximization,0.9106740871816019
2025-03-21,11. Sharpe Maximization,0.9142019134239596
2025-03-24,11. Sharpe Maximization,0.9351549392854516
2025-03-25,11. Sharpe Maximization,0.9349404399925729
2025-03-26,11. Sharpe Maximization,0.933687344674082
2025-03-27,11. Sharpe Maximization,0.933741478151643
2025-03-28,11. Sharpe Maximization,0.9175660887915706
2025-03-31,11. Sharpe Maximization,0.9175660887915705
2025-04-01,11. Sharpe Maximization,0.9224229388867038
2025-04-02,11. Sharpe Maximization,0.9298833511416289
2025-04-03,11. Sharpe Maximization,0.9052810952812198
2025-04-04,11. Sharpe Maximization,0.8486062243793356
2025-04-07,11. Sharpe Maximization,0.8445355691497705
2025-04-08,11. Sharpe Maximization,0.8356841632012884
2025-04-09,11. Sharpe Maximization,0.9049104870201042
2025-04-10,11. Sharpe Maximization,0.8933766766937971
2025-04-11,11. Sharpe Maximization,0.9108568718930621
2025-04-14,11. Sharpe Maximization,0.9201536162637646
2025-04-15,11. Sharpe Maximization,0.9184063517608587
2025-04-16,11. Sharpe Maximization,0.9007745755955049
2025-04-17,11. Sharpe Maximization,0.9136694917443713
2025-04-21,11. Sharpe Maximization,0.9028593863049691
2025-04-22,11. Sharpe Maximization,0.9280298554079617
2025-04-23,11. Sharpe Maximization,0.9367073055875877
2025-04-24,11. Sharpe Maximization,0.9460153165101309
2025-04-25,11. Sharpe Maximization,0.9503102284656152
2025-04-28,11. Sharpe Maximization,0.9512252109892214
2025-04-29,11. Sharpe Maximization,0.9602333821895763
2025-04-30,11. Sharpe Maximization,0.9602333821895761
2025-05-01,11. Sharpe Maximization,0.9570596920259891
2025-05-02,11. Sharpe Maximization,0.9713436991359784
2025-05-05,11. Sharpe Maximization,0.9680384933178393
2025-05-06,11. Sharpe Maximization,0.9622779524874185
2025-05-07,11. Sharpe Maximization,0.9682088353899493
2025-05-08,11. Sharpe Maximization,0.9645367238604884
2025-05-09,11. Sharpe Maximization,0.9639181242720828
2025-05-12,11. Sharpe Maximization,0.9687964224080106
2025-05-13,11. Sharpe Maximization,0.9753375817368848
2025-05-14,11. Sharpe Maximization,0.986773539815772
2025-05-15,11. Sharpe Maximization,0.998246907017
2025-05-16,11. Sharpe Maximization,1.0087771748344205
2025-05-19,11. Sharpe Maximization,1.003415325777759
2025-05-20,11. Sharpe Maximization,1.0028979400592963
2025-05-21,11. Sharpe Maximization,0.9935473562898577
2025-05-22,11. Sharpe Maximization,0.990556394612214
2025-05-23,11. Sharpe Maximization,0.9932581510515301
2025-05-27,11. Sharpe Maximization,1.0112242632067403
2025-05-28,11. Sharpe Maximization,1.004036076407251
2025-05-29,11. Sharpe Maximization,1.003424917844837
2025-05-30,11. Sharpe Maximization,1.0034249178448371
2025-06-02,11. Sharpe Maximization,1.0070210655934044
2025-06-03,11. Sharpe Maximization,1.0060611096422147
2025-06-04,11. Sharpe Maximization,1.0026378929142614
2025-06-05,11. Sharpe Maximization,0.9794155812001515
2025-06-06,11. Sharpe Maximization,0.987624400611836
2025-06-09,11. Sharpe Maximization,0.992843659905774
2025-06-10,11. Sharpe Maximization,1.0021793616187895
2025-06-11,11. Sharpe Maximization,0.9985282687367876
2025-06-12,11. Sharpe Maximization,0.9938347966602274
2025-06-13,11. Sharpe Maximization,0.9845454158979952
2025-06-16,11. Sharpe Maximization,0.9909567355756878
2025-06-17,11. Sharpe Maximization,0.9819521734195238
2025-06-18,11. Sharpe Maximization,0.9857113364556047
2025-06-20,11. Sharpe Maximization,0.9869810757093286
2025-06-23,11. Sharpe Maximization,1.0097163950217727
2025-06-24,11. Sharpe Maximization,1.0151099346524413
2025-06-25,11. Sharpe Maximization,1.0077344589838066
2025-06-26,11. Sharpe Maximization,1.0113088763890192
2025-06-27,11. Sharpe Maximization,1.0170366607923402
2025-06-30,11. Sharpe Maximization,1.0170366607923402
2025-07-01,11. Sharpe Maximization,1.0093021059120364
2025-07-02,11. Sharpe Maximization,1.010216914225138
2025-07-03,11. Sharpe Maximization,1.0188329471846997
2025-07-07,11. Sharpe Maximization,1.00891776442828
2025-07-08,11. Sharpe Maximization,0.9933361869771034
2025-07-09,11. Sharpe Maximization,0.992746147124283
2025-07-10,11. Sharpe Maximization,0.9952060753150231
2025-07-11,11. Sharpe Maximization,0.9914013213012585
2025-07-14,11. Sharpe Maximization,0.9978004387721431
2025-07-15,11. Sharpe Maximization,0.9906718411015636
2025-07-16,11. Sharpe Maximization,0.9910989035225881
2025-07-17,11. Sharpe Maximization,1.0003511553935818
2025-07-18,11. Sharpe Maximization,0.997864789733562
2025-07-21,11. Sharpe Maximization,1.0017212195043639
2025-07-22,11. Sharpe Maximization,0.9983400256102142
2025-07-23,11. Sharpe Maximization,1.0034549048462054
2025-07-24,11. Sharpe Maximization,0.9970277721605968
2025-07-25,11. Sharpe Maximization,1.0033855707885884
2025-07-28,11. Sharpe Maximization,1.003130955012619
2025-07-29,11. Sharpe Maximization,1.0019192756354849
2025-07-30,11. Sharpe Maximization,1.0009637403309721
2025-07-31,11. Sharpe Maximization,1.0009637403309724
2025-08-01,11. Sharpe Maximization,0.9852613687839354
2025-08-04,11. Sharpe Maximization,1.0037351934206549
2025-08-05,11. Sharpe Maximization,0.9937604535375711
2025-08-06,11. Sharpe Maximization,1.0017591699923694
2025-08-07,11. Sharpe Maximization,0.990187038956716
2025-08-08,11. Sharpe Maximization,0.9978518119923915
2025-08-11,11. Sharpe Maximization,1.0001002297828503
2025-08-12,11. Sharpe Maximization,1.009485335883849
2025-08-13,11. Sharpe Maximization,1.0065855055843838
2025-08-14,11. Sharpe Maximization,1.0105983538856613
2025-08-15,11. Sharpe Maximization,1.004643510588041
2025-08-18,11. Sharpe Maximization,1.0063420601156094
2025-08-19,11. Sharpe Maximization,1.0003000997263278
2025-08-20,11. Sharpe Maximization,1.0042571540995662
2025-08-21,11. Sharpe Maximization,0.990259925667748
2025-08-22,11. Sharpe Maximization,1.004312243063436
2025-08-25,11. Sharpe Maximization,1.001004115012333
2025-08-26,11. Sharpe Maximization,1.0055917972433153
2025-08-27,11. Sharpe Maximization,1.0050018725822483
2025-08-28,11. Sharpe Maximization,1.0050018725822487
2025-02-28,12. CVaR Minimization,1.0
2025-03-03,12. CVaR Minimization,0.9933980859382198
2025-03-04,12. CVaR Minimization,0.9780566919036141
2025-03-05,12. CVaR Minimization,0.982008819580111
2025-03-06,12. CVaR Minimization,0.9745022712086001
2025-03-07,12. CVaR Minimization,0.9753698936392723
2025-03-10,12. CVaR Minimization,0.9650485598636874
2025-03-11,12. CVaR Minimization,0.9574355839337572
2025-03-12,12. CVaR Minimization,0.9487704871642959
2025-03-13,12. CVaR Minimization,0.9423256227866751
2025-03-14,12. CVaR Minimization,0.9515933964239185
2025-03-17,12. CVaR Minimization,0.9614903563101945
2025-03-18,12. CVaR Minimization,0.9525705517717241
2025-03-19,12. CVaR Minimization,0.9565326930249812
2025-03-20,12. CVaR Minimization,0.9563564520590028
2025-03-21,12. CVaR Minimization,0.9558712520933788
2025-03-24,12. CVaR Minimization,0.9625517624989545
2025-03-25,12. CVaR Minimization,0.9524293996461018
2025-03-26,12. CVaR Minimization,0.9535633146379574
2025-03-27,12. CVaR Minimization,0.9562966999618253
2025-03-28,12. CVaR Minimization,0.9503528783676718
2025-03-31,12. CVaR Minimization,0.9503528783676719
2025-04-01,12. CVaR Minimization,0.9350953970322501
2025-04-02,12. CVaR Minimization,0.9383375728137171
2025-04-03,12. CVaR Minimization,0.9283169572319838
2025-04-04,12. CVaR Minimization,0.8795765756572086
2025-04-07,12. CVaR Minimization,0.8726696435617035
2025-04-08,12. CVaR Minimization,0.8624865032900461
2025-04-09,12. CVaR Minimization,0.9083901994214625
2025-04-10,12. CVaR Minimization,0.8931637590641741
2025-04-11,12. CVaR Minimization,0.9124732347274552
2025-04-14,12. CVaR Minimization,0.9242043461470283
2025-04-15,12. CVaR Minimization,0.9230697076039591
2025-04-16,12. CVaR Minimization,0.9120573117498953
2025-04-17,12. CVaR Minimization,0.9280422925419598
2025-04-21,12. CVaR Minimization,0.9165903887329363
2025-04-22,12. CVaR Minimization,0.9344661942170024
2025-04-23,12. CVaR Minimization,0.9312577328875629
2025-04-24,12. CVaR Minimization,0.9338673449454592
2025-04-25,12. CVaR Minimization,0.9362179702598155
2025-04-28,12. CVaR Minimization,0.9370580344953012
2025-04-29,12. CVaR Minimization,0.9408964749679909
2025-04-30,12. CVaR Minimization,0.9408964749679911
2025-05-01,12. CVaR Minimization,0.934660509649481
2025-05-02,12. CVaR Minimization,0.9440557373772956
2025-05-05,12. CVaR Minimization,0.9390958758118606
2025-05-06,12. CVaR Minimization,0.938476762616692
2025-05-07,12. CVaR Minimization,0.9452717167278194
2025-05-08,12. CVaR Minimization,0.9376576975570438
2025-05-09,12. CVaR Minimization,0.9315399394876946
2025-05-12,12. CVaR Minimization,0.9352986157305218
2025-05-13,12. CVaR Minimization,0.9292462606869899
2025-05-14,12. CVaR Minimization,0.9328275864542652
2025-05-15,12. CVaR Minimization,0.9493315830639943
2025-05-16,12. CVaR Minimization,0.9572167332081455
2025-05-19,12. CVaR Minimization,0.9583090640708747
2025-05-20,12. CVaR Minimization,0.9566464189533409
2025-05-21,12. CVaR Minimization,0.9534802654202048
2025-05-22,12. CVaR Minimization,0.9496046250505884
2025-05-23,12. CVaR Minimization,0.9518507516313308
2025-05-27,12. CVaR Minimization,0.9602857931144149
2025-05-28,12. CVaR Minimization,0.9544039042093065
2025-05-29,12. CVaR Minimization,0.9600343899569538
2025-05-30,12. CVaR Minimization,0.9653428625692811
2025-06-02,12. CVaR Minimization,0.9669575488646776
2025-06-03,12. CVaR Minimization,0.9643457190476855
2025-06-04,12. CVaR Minimization,0.9630051257806644
2025-06-05,12. CVaR Minimization,0.9569897881068878
2025-06-06,12. CVaR Minimization,0.9644824788353283
2025-06-09,12. CVaR Minimization,0.9664219373554662
2025-06-10,12. CVaR Minimization,0.9725054325887196
2025-06-11,12. CVaR Minimization,0.9685336241653144
2025-06-12,12. CVaR Minimization,0.9716452067851474
2025-06-13,12. CVaR Minimization,0.9644365473655712
2025-06-16,12. CVaR Minimization,0.96327735489207
2025-06-17,12. CVaR Minimization,0.9547329635606964
2025-06-18,12. CVaR Minimization,0.9514183735054106
2025-06-20,12. CVaR Minimization,0.9493344406015505
2025-06-23,12. CVaR Minimization,0.9569782779700964
2025-06-24,12. CVaR Minimization,0.9612590688960352
2025-06-25,12. CVaR Minimization,0.962384197408018
2025-06-26,12. CVaR Minimization,0.9632138175348575
2025-06-27,12. CVaR Minimization,0.9726874056204713
2025-06-30,12. CVaR Minimization,0.9726874056204711
2025-07-01,12. CVaR Minimization,0.9805765110276746
2025-07-02,12. CVaR Minimization,0.9792619676038845
2025-07-03,12. CVaR Minimization,0.9850341144302334
2025-07-07,12. CVaR Minimization,0.9815370626070078
2025-07-08,12. CVaR Minimization,0.9763016916305037
2025-07-09,12. CVaR Minimization,0.9750684604472746
2025-07-10,12. CVaR Minimization,0.975937538148973
2025-07-11,12. CVaR Minimization,0.9752035360325275
2025-07-14,12. CVaR Minimization,0.9737664074594279
2025-07-15,12. CVaR Minimization,0.9710401124549737
2025-07-16,12. CVaR Minimization,0.9842229341199399
2025-07-17,12. CVaR Minimization,0.9887861144658368
2025-07-18,12. CVaR Minimization,0.9812083842351615
2025-07-21,12. CVaR Minimization,0.9865012545297941
2025-07-22,12. CVaR Minimization,0.989637110391384
2025-07-23,12. CVaR Minimization,0.9904047607876201
2025-07-24,12. CVaR Minimization,0.9948527077393101
2025-07-25,12. CVaR Minimization,0.9943800483414238
2025-07-28,12. CVaR Minimization,0.988082980008406
2025-07-29,12. CVaR Minimization,0.9986747285441344
2025-07-30,12. CVaR Minimization,0.9932569142517462
2025-07-31,12. CVaR Minimization,0.9825994125097305
2025-08-01,12. CVaR Minimization,0.9873181795057916
2025-08-04,12. CVaR Minimization,0.997202354503505
2025-08-05,12. CVaR Minimization,0.9950084584351271
2025-08-06,12. CVaR Minimization,1.0052532295408365
2025-08-07,12. CVaR Minimization,1.010395088771865
2025-08-08,12. CVaR Minimization,1.0176523345443282
2025-08-11,12. CVaR Minimization,1.0200674219900236
2025-08-12,12. CVaR Minimization,1.019582171437016
2025-08-13,12. CVaR Minimization,1.0165470648453232
2025-08-14,12. CVaR Minimization,1.0135768429780805
2025-08-15,12. CVaR Minimization,1.0162357184201138
2025-08-18,12. CVaR Minimization,1.0148466353361836
2025-08-19,12. CVaR Minimization,1.020159796618713
2025-08-20,12. CVaR Minimization,1.0265304727215236
2025-08-21,12. CVaR Minimization,1.019364012139287
2025-08-22,12. CVaR Minimization,1.020619513113485
2025-08-25,12. CVaR Minimization,1.0144284384148887
2025-08-26,12. CVaR Minimization,1.0109314394000426
2025-08-27,12. CVaR Minimization,1.013264265583112
2025-08-28,12. CVaR Minimization,1.0132642655831121
2025-02-28,Bandit Meta-Strategy (UCB),1.0
2025-03-03,Bandit Meta-Strategy (UCB),0.9866264481610383
2025-03-04,Bandit Meta-Strategy (UCB),0.9696207413806379
2025-03-05,Bandit Meta-Strategy (UCB),0.9767393055590672
2025-03-06,Bandit Meta-Strategy (UCB),0.9613201346900142
2025-03-07,Bandit Meta-Strategy (UCB),0.9621796506305931
2025-03-10,Bandit Meta-Strategy (UCB),0.9397243074797805
2025-03-11,Bandit Meta-Strategy (UCB),0.9313077378045796
2025-03-12,Bandit Meta-Strategy (UCB),0.9328319881709456
2025-03-13,Bandit Meta-Strategy (UCB),0.9201035823189807
2025-03-14,Bandit Meta-Strategy (UCB),0.9356669701310927
2025-03-17,Bandit Meta-Strategy (UCB),0.9407305013718206
2025-03-18,Bandit Meta-Strategy (UCB),0.9305923495501479
2025-03-19,Bandit Meta-Strategy (UCB),0.940311937105426
2025-03-20,Bandit Meta-Strategy (UCB),0.9396698912485925
2025-03-21,Bandit Meta-Strategy (UCB),0.9424530243446771
2025-03-24,Bandit Meta-Strategy (UCB),0.957572352229358
2025-03-25,Bandit Meta-Strategy (UCB),0.9581650068876552
2025-03-26,Bandit Meta-Strategy (UCB),0.9513593390033853
2025-03-27,Bandit Meta-Strategy (UCB),0.9522025303451103
2025-03-28,Bandit Meta-Strategy (UCB),0.9352336499001417
2025-03-31,Bandit Meta-Strategy (UCB),0.94309401960154
2025-04-01,Bandit Meta-Strategy (UCB),0.9401068238261207
2025-04-02,Bandit Meta-Strategy (UCB),0.944636083879748
2025-04-03,Bandit Meta-Strategy (UCB),0.9113767912176317
2025-04-04,Bandit Meta-Strategy (UCB),0.8596789845780723
2025-04-07,Bandit Meta-Strategy (UCB),0.8557992588478653
2025-04-08,Bandit Meta-Strategy (UCB),0.8430672801463766
2025-04-09,Bandit Meta-Strategy (UCB),0.9099552001147667
2025-04-10,Bandit Meta-Strategy (UCB),0.8838816227601056
2025-04-11,Bandit Meta-Strategy (UCB),0.8997110075686444
2025-04-14,Bandit Meta-Strategy (UCB),0.9058965511197845
2025-04-15,Bandit Meta-Strategy (UCB),0.9062360560669609
2025-04-16,Bandit Meta-Strategy (UCB),0.8883341202620781
2025-04-17,Bandit Meta-Strategy (UCB),0.896899691496995
2025-04-21,Bandit Meta-Strategy (UCB),0.8813975301087157
2025-04-22,Bandit Meta-Strategy (UCB),0.90394417470411
2025-04-23,Bandit Meta-Strategy (UCB),0.9118190709567803
2025-04-24,Bandit Meta-Strategy (UCB),0.9232688343682851
2025-04-25,Bandit Meta-Strategy (UCB),0.9306986673412408
2025-04-28,Bandit Meta-Strategy (UCB),0.9310282275423146
2025-04-29,Bandit Meta-Strategy (UCB),0.9380114796023469
2025-04-30,Bandit Meta-Strategy (UCB),0.9379984025159256
2025-05-01,Bandit Meta-Strategy (UCB),0.9420861456255581
2025-05-02,Bandit Meta-Strategy (UCB),0.9550991370863828
2025-05-05,Bandit Meta-Strategy (UCB),0.9482615985441589
2025-05-06,Bandit Meta-Strategy (UCB),0.9429615663086428
2025-05-07,Bandit Meta-Strategy (UCB),0.9501108870610643
2025-05-08,Bandit Meta-Strategy (UCB),0.9538377676257672
2025-05-09,Bandit Meta-Strategy (UCB),0.95217975239842
2025-05-12,Bandit Meta-Strategy (UCB),0.9762305928169249
2025-05-13,Bandit Meta-Strategy (UCB),0.9808816064215383
2025-05-14,Bandit Meta-Strategy (UCB),0.9857650574556808
2025-05-15,Bandit Meta-Strategy (UCB),0.9922068104167862
2025-05-16,Bandit Meta-Strategy (UCB),0.9987399345564456
2025-05-19,Bandit Meta-Strategy (UCB),0.9981132554357776
2025-05-20,Bandit Meta-Strategy (UCB),0.996057815453149
2025-05-21,Bandit Meta-Strategy (UCB),0.9853065476275114
2025-05-22,Bandit Meta-Strategy (UCB),0.985314142305158
2025-05-23,Bandit Meta-Strategy (UCB),0.9814863358630245
2025-05-27,Bandit Meta-Strategy (UCB),0.9998845500741442
2025-05-28,Bandit Meta-Strategy (UCB),0.9939439029736383
2025-05-29,Bandit Meta-Strategy (UCB),0.9984069100605142
2025-05-30,Bandit Meta-Strategy (UCB),1.0004064055078334
2025-06-02,Bandit Meta-Strategy (UCB),1.0028316065777587
2025-06-03,Bandit Meta-Strategy (UCB),1.0040303173603875
2025-06-04,Bandit Meta-Strategy (UCB),1.0036048493128944
2025-06-05,Bandit Meta-Strategy (UCB),0.992667283496735
2025-06-06,Bandit Meta-Strategy (UCB),1.0038706155222794
2025-06-09,Bandit Meta-Strategy (UCB),1.0075931970555903
2025-06-10,Bandit Meta-Strategy (UCB),1.0168263268952886
2025-06-11,Bandit Meta-Strategy (UCB),1.0143194545083276
2025-06-12,Bandit Meta-Strategy (UCB),1.0157091507250917
2025-06-13,Bandit Meta-Strategy (UCB),1.0054704809143011
2025-06-16,Bandit Meta-Strategy (UCB),1.0122294596447197
2025-06-17,Bandit Meta-Strategy (UCB),1.004749989887363
2025-06-18,Bandit Meta-Strategy (UCB),1.0010403234596887
2025-06-20,Bandit Meta-Strategy (UCB),0.9994847471332364
2025-06-23,Bandit Meta-Strategy (UCB),1.0106834764396457
2025-06-24,Bandit Meta-Strategy (UCB),1.0171446635188153
2025-06-25,Bandit Meta-Strategy (UCB),1.0173119435450875
2025-06-26,Bandit Meta-Strategy (UCB),1.0237574995447292
2025-06-27,Bandit Meta-Strategy (UCB),1.030764150468245
2025-06-30,Bandit Meta-Strategy (UCB),1.0330775347919794
2025-07-01,Bandit Meta-Strategy (UCB),1.0328165432803627
2025-07-02,Bandit Meta-Strategy (UCB),1.0372577932566323
2025-07-03,Bandit Meta-Strategy (UCB),1.045130578419918
2025-07-07,Bandit Meta-Strategy (UCB),1.0368779828557697
2025-07-08,Bandit Meta-Strategy (UCB),1.0321766892614923
2025-07-09,Bandit Meta-Strategy (UCB),1.0355746245669464
2025-07-10,Bandit Meta-Strategy (UCB),1.0385657879165326
2025-07-11,Bandit Meta-Strategy (UCB),1.0353894566044626
2025-07-14,Bandit Meta-Strategy (UCB),1.0349433161025714
2025-07-15,Bandit Meta-Strategy (UCB),1.0301261254744536
2025-07-16,Bandit Meta-Strategy (UCB),1.0353812230540216
2025-07-17,Bandit Meta-Strategy (UCB),1.041211809245889
2025-07-18,Bandit Meta-Strategy (UCB),1.0368284751657275
2025-07-21,Bandit Meta-Strategy (UCB),1.0410451461142856
2025-07-22,Bandit Meta-Strategy (UCB),1.0431637395817406
2025-07-23,Bandit Meta-Strategy (UCB),1.0489935035136284
2025-07-24,Bandit Meta-Strategy (UCB),1.049711962274453
2025-07-25,Bandit Meta-Strategy (UCB),1.0508731425642512
2025-07-28,Bandit Meta-Strategy (UCB),1.0500870707745453
2025-07-29,Bandit Meta-Strategy (UCB),1.0496658640371954
2025-07-30,Bandit Meta-Strategy (UCB),1.0458406820745867
2025-07-31,Bandit Meta-Strategy (UCB),1.0444383198294798
2025-08-01,Bandit Meta-Strategy (UCB),1.0324037218161966
2025-08-04,Bandit Meta-Strategy (UCB),1.0459051502793046
2025-08-05,Bandit Meta-Strategy (UCB),1.0430884606374442
2025-08-06,Bandit Meta-Strategy (UCB),1.0510318939844585
2025-08-07,Bandit Meta-Strategy (UCB),1.0504058842176518
2025-08-08,Bandit Meta-Strategy (UCB),1.061682535871573
2025-08-11,Bandit Meta-Strategy (UCB),1.0629130294115892
2025-08-12,Bandit Meta-Strategy (UCB),1.0701127308818275
2025-08-13,Bandit Meta-Strategy (UCB),1.0703591445908394
2025-08-14,Bandit Meta-Strategy (UCB),1.0717838095558412
2025-08-15,Bandit Meta-Strategy (UCB),1.069327958299953
2025-08-18,Bandit Meta-Strategy (UCB),1.0700612779087648
2025-08-19,Bandit Meta-Strategy (UCB),1.0674149852457315
2025-08-20,Bandit Meta-Strategy (UCB),1.0681600251819914
2025-08-21,Bandit Meta-Strategy (UCB),1.0628190732473537
2025-08-22,Bandit Meta-Strategy (UCB),1.0768278198649262
2025-08-25,Bandit Meta-Strategy (UCB),1.0727812861220414
2025-08-26,Bandit Meta-Strategy (UCB),1.073874657278301
2025-08-27,Bandit Meta-Strategy (UCB),1.076006822100583
2025-08-28,Bandit Meta-Strategy (UCB),1.076006822100583
2025-02-28,Bandit Meta-Strategy (Thompson Sampling),1.0
2025-03-03,Bandit Meta-Strategy (Thompson Sampling),0.9900554515176722
2025-03-04,Bandit Meta-Strategy (Thompson Sampling),0.9683601597724795
2025-03-05,Bandit Meta-Strategy (Thompson Sampling),0.9755969464214516
2025-03-06,Bandit Meta-Strategy (Thompson Sampling),0.9601813919066303
2025-03-07,Bandit Meta-Strategy (Thompson Sampling),0.9572746800758963
2025-03-10,Bandit Meta-Strategy (Thompson Sampling),0.9323446486423966
2025-03-11,Bandit Meta-Strategy (Thompson Sampling),0.9265485396840609
2025-03-12,Bandit Meta-Strategy (Thompson Sampling),0.9245739457368833
2025-03-13,Bandit Meta-Strategy (Thompson Sampling),0.9125540199037518
2025-03-14,Bandit Meta-Strategy (Thompson Sampling),0.9266854887993738
2025-03-17,Bandit Meta-Strategy (Thompson Sampling),0.9340977195736355
2025-03-18,Bandit Meta-Strategy (Thompson Sampling),0.9227276915750063
2025-03-19,Bandit Meta-Strategy (Thompson Sampling),0.9317022606914804
2025-03-20,Bandit Meta-Strategy (Thompson Sampling),0.9314327654004574
2025-03-21,Bandit Meta-Strategy (Thompson Sampling),0.9340278052655046
2025-03-24,Bandit Meta-Strategy (Thompson Sampling),0.9501896448703961
2025-03-25,Bandit Meta-Strategy (Thompson Sampling),0.9494509621513785
2025-03-26,Bandit Meta-Strategy (Thompson Sampling),0.9460702926531914
2025-03-27,Bandit Meta-Strategy (Thompson Sampling),0.9467182417551139
2025-03-28,Bandit Meta-Strategy (Thompson Sampling),0.9313689278451331
2025-03-31,Bandit Meta-Strategy (Thompson Sampling),0.9313689278451328
2025-04-01,Bandit Meta-Strategy (Thompson Sampling),0.9205677983595808
2025-04-02,Bandit Meta-Strategy (Thompson Sampling),0.9233606149078247
2025-04-03,Bandit Meta-Strategy (Thompson Sampling),0.9078878685636572
2025-04-04,Bandit Meta-Strategy (Thompson Sampling),0.8561495144916621
2025-04-07,Bandit Meta-Strategy (Thompson Sampling),0.848741481036287
2025-04-08,Bandit Meta-Strategy (Thompson Sampling),0.8395654470252877
2025-04-09,Bandit Meta-Strategy (Thompson Sampling),0.8918578102729424
2025-04-10,Bandit Meta-Strategy (Thompson Sampling),0.8734051732899806
2025-04-11,Bandit Meta-Strategy (Thompson Sampling),0.8896995459175407
2025-04-14,Bandit Meta-Strategy (Thompson Sampling),0.8977146315809443
2025-04-15,Bandit Meta-Strategy (Thompson Sampling),0.8973849679928059
2025-04-16,Bandit Meta-Strategy (Thompson Sampling),0.8852739518628433
2025-04-17,Bandit Meta-Strategy (Thompson Sampling),0.8946708833208713
2025-04-21,Bandit Meta-Strategy (Thompson Sampling),0.8814268507641708
2025-04-22,Bandit Meta-Strategy (Thompson Sampling),0.9021033885550818
2025-04-23,Bandit Meta-Strategy (Thompson Sampling),0.9048061621784564
2025-04-24,Bandit Meta-Strategy (Thompson Sampling),0.9106389005816601
2025-04-25,Bandit Meta-Strategy (Thompson Sampling),0.9128514499769577
2025-04-28,Bandit Meta-Strategy (Thompson Sampling),0.9140401130656454
2025-04-29,Bandit Meta-Strategy (Thompson Sampling),0.9211534009757578
2025-04-30,Bandit Meta-Strategy (Thompson Sampling),0.9211534009757575
2025-05-01,Bandit Meta-Strategy (Thompson Sampling),0.9183030334250828
2025-05-02,Bandit Meta-Strategy (Thompson Sampling),0.9291230804155566
2025-05-05,Bandit Meta-Strategy (Thompson Sampling),0.9233993220691363
2025-05-06,Bandit Meta-Strategy (Thompson Sampling),0.9208167707296036
2025-05-07,Bandit Meta-Strategy (Thompson Sampling),0.9274946682761772
2025-05-08,Bandit Meta-Strategy (Thompson Sampling),0.9247925806071953
2025-05-09,Bandit Meta-Strategy (Thompson Sampling),0.9204447125992485
2025-05-12,Bandit Meta-Strategy (Thompson Sampling),0.9325758642461205
2025-05-13,Bandit Meta-Strategy (Thompson Sampling),0.9304117373919282
2025-05-14,Bandit Meta-Strategy (Thompson Sampling),0.933915944543458
2025-05-15,Bandit Meta-Strategy (Thompson Sampling),0.9469805167663902
2025-05-16,Bandit Meta-Strategy (Thompson Sampling),0.9539812257051485
2025-05-19,Bandit Meta-Strategy (Thompson Sampling),0.9545424041183274
2025-05-20,Bandit Meta-Strategy (Thompson Sampling),0.9528812588090111
2025-05-21,Bandit Meta-Strategy (Thompson Sampling),0.9466507704503583
2025-05-22,Bandit Meta-Strategy (Thompson Sampling),0.9443271080284322
2025-05-23,Bandit Meta-Strategy (Thompson Sampling),0.9440283212954986
2025-05-27,Bandit Meta-Strategy (Thompson Sampling),0.9562643951197943
2025-05-28,Bandit Meta-Strategy (Thompson Sampling),0.9504312968330495
2025-05-29,Bandit Meta-Strategy (Thompson Sampling),0.9558463798635233
2025-05-30,Bandit Meta-Strategy (Thompson Sampling),0.9593348205025933
2025-06-02,Bandit Meta-Strategy (Thompson Sampling),0.9606532762433976
2025-06-03,Bandit Meta-Strategy (Thompson Sampling),0.959773365914656
2025-06-04,Bandit Meta-Strategy (Thompson Sampling),0.9586835202736647
2025-06-05,Bandit Meta-Strategy (Thompson Sampling),0.950790061109824
2025-06-06,Bandit Meta-Strategy (Thompson Sampling),0.9596748018364236
2025-06-09,Bandit Meta-Strategy (Thompson Sampling),0.9622519645897886
2025-06-10,Bandit Meta-Strategy (Thompson Sampling),0.9698209141579499
2025-06-11,Bandit Meta-Strategy (Thompson Sampling),0.9665150877903909
2025-06-12,Bandit Meta-Strategy (Thompson Sampling),0.9693255888390487
2025-06-13,Bandit Meta-Strategy (Thompson Sampling),0.960225319991782
2025-06-16,Bandit Meta-Strategy (Thompson Sampling),0.9619910000997162
2025-06-17,Bandit Meta-Strategy (Thompson Sampling),0.953740455916888
2025-06-18,Bandit Meta-Strategy (Thompson Sampling),0.9492958090232702
2025-06-20,Bandit Meta-Strategy (Thompson Sampling),0.9471363502964933
2025-06-23,Bandit Meta-Strategy (Thompson Sampling),0.9560659262147466
2025-06-24,Bandit Meta-Strategy (Thompson Sampling),0.9614943827532452
2025-06-25,Bandit Meta-Strategy (Thompson Sampling),0.9623767873783691
2025-06-26,Bandit Meta-Strategy (Thompson Sampling),0.9652735435490349
2025-06-27,Bandit Meta-Strategy (Thompson Sampling),0.9735667006036172
2025-06-30,Bandit Meta-Strategy (Thompson Sampling),0.9752131809821405
2025-07-01,Bandit Meta-Strategy (Thompson Sampling),0.9789996285477801
2025-07-02,Bandit Meta-Strategy (Thompson Sampling),0.9809349773506353
2025-07-03,Bandit Meta-Strategy (Thompson Sampling),0.9872872636536146
2025-07-07,Bandit Meta-Strategy (Thompson Sampling),0.9813307685174854
2025-07-08,Bandit Meta-Strategy (Thompson Sampling),0.9774134290583535
2025-07-09,Bandit Meta-Strategy (Thompson Sampling),0.9788817658026409
2025-07-10,Bandit Meta-Strategy (Thompson Sampling),0.981798659194936
2025-07-11,Bandit Meta-Strategy (Thompson Sampling),0.9797920991238083
2025-07-14,Bandit Meta-Strategy (Thompson Sampling),0.9777325297412375
2025-07-15,Bandit Meta-Strategy (Thompson Sampling),0.9753082642312702
2025-07-16,Bandit Meta-Strategy (Thompson Sampling),0.9855303954464966
2025-07-17,Bandit Meta-Strategy (Thompson Sampling),0.9908835646176966
2025-07-18,Bandit Meta-Strategy (Thompson Sampling),0.9850646516100067
2025-07-21,Bandit Meta-Strategy (Thompson Sampling),0.9890939601832712
2025-07-22,Bandit Meta-Strategy (Thompson Sampling),0.9917278324817098
2025-07-23,Bandit Meta-Strategy (Thompson Sampling),0.9956675963044763
2025-07-24,Bandit Meta-Strategy (Thompson Sampling),0.9984909791676063
2025-07-25,Bandit Meta-Strategy (Thompson Sampling),0.9983527563140889
2025-07-28,Bandit Meta-Strategy (Thompson Sampling),0.9950613508192743
2025-07-29,Bandit Meta-Strategy (Thompson Sampling),0.9999994904676176
2025-07-30,Bandit Meta-Strategy (Thompson Sampling),0.9958414978493806
2025-07-31,Bandit Meta-Strategy (Thompson Sampling),0.9958414978493807
2025-08-01,Bandit Meta-Strategy (Thompson Sampling),0.9889715617684209
2025-08-04,Bandit Meta-Strategy (Thompson Sampling),1.0005984737148457
2025-08-05,Bandit Meta-Strategy (Thompson Sampling),0.9991990985028621
2025-08-06,Bandit Meta-Strategy (Thompson Sampling),1.0074976939594038
2025-08-07,Bandit Meta-Strategy (Thompson Sampling),1.008387855444657
2025-08-08,Bandit Meta-Strategy (Thompson Sampling),1.0189541581884531
2025-08-11,Bandit Meta-Strategy (Thompson Sampling),1.0208039981050665
2025-08-12,Bandit Meta-Strategy (Thompson Sampling),1.0267870726735233
2025-08-13,Bandit Meta-Strategy (Thompson Sampling),1.0290767396483593
2025-08-14,Bandit Meta-Strategy (Thompson Sampling),1.028604733632497
2025-08-15,Bandit Meta-Strategy (Thompson Sampling),1.027298009349608
2025-08-18,Bandit Meta-Strategy (Thompson Sampling),1.0274466677642093
2025-08-19,Bandit Meta-Strategy (Thompson Sampling),1.029413447319986
2025-08-20,Bandit Meta-Strategy (Thompson Sampling),1.030440879781871
2025-08-21,Bandit Meta-Strategy (Thompson Sampling),1.0252628957350973
2025-08-22,Bandit Meta-Strategy (Thompson Sampling),1.037507089969051
2025-08-25,Bandit Meta-Strategy (Thompson Sampling),1.0320394805221003
2025-08-26,Bandit Meta-Strategy (Thompson Sampling),1.03239361192079
2025-08-27,Bandit Meta-Strategy (Thompson Sampling),1.0345656281732298
2025-08-28,Bandit Meta-Strategy (Thompson Sampling),1.03456562817323
2025-02-28,Bandit Meta-Strategy (EXP3),1.0
2025-03-03,Bandit Meta-Strategy (EXP3),0.9902783808354645
2025-03-04,Bandit Meta-Strategy (EXP3),0.9753057666283393
2025-03-05,Bandit Meta-Strategy (EXP3),0.9806940814428313
2025-03-06,Bandit Meta-Strategy (EXP3),0.9712201617753901
2025-03-07,Bandit Meta-Strategy (EXP3),0.9733046590052243
2025-03-10,Bandit Meta-Strategy (EXP3),0.9578996503574599
2025-03-11,Bandit Meta-Strategy (EXP3),0.9473150542149573
2025-03-12,Bandit Meta-Strategy (EXP3),0.9439640253080119
2025-03-13,Bandit Meta-Strategy (EXP3),0.9340568035320903
2025-03-14,Bandit Meta-Strategy (EXP3),0.9468208147607022
2025-03-17,Bandit Meta-Strategy (EXP3),0.9539361862695332
2025-03-18,Bandit Meta-Strategy (EXP3),0.9449674042769586
2025-03-19,Bandit Meta-Strategy (EXP3),0.9529871208899142
2025-03-20,Bandit Meta-Strategy (EXP3),0.9521148673608182
2025-03-21,Bandit Meta-Strategy (EXP3),0.9531503584330424
2025-03-24,Bandit Meta-Strategy (EXP3),0.9631108960803735
2025-03-25,Bandit Meta-Strategy (EXP3),0.961372054577227
2025-03-26,Bandit Meta-Strategy (EXP3),0.9598781722281508
2025-03-27,Bandit Meta-Strategy (EXP3),0.9619233895176955
2025-03-28,Bandit Meta-Strategy (EXP3),0.9485324886098854
2025-03-31,Bandit Meta-Strategy (EXP3),0.9485324886098854
2025-04-01,Bandit Meta-Strategy (EXP3),0.9373023557717359
2025-04-02,Bandit Meta-Strategy (EXP3),0.9400494093108397
2025-04-03,Bandit Meta-Strategy (EXP3),0.9245822510741494
2025-04-04,Bandit Meta-Strategy (EXP3),0.8720406207920824
2025-04-07,Bandit Meta-Strategy (EXP3),0.8642642231175015
2025-04-08,Bandit Meta-Strategy (EXP3),0.8548264822755973
2025-04-09,Bandit Meta-Strategy (EXP3),0.9076454872949916
2025-04-10,Bandit Meta-Strategy (EXP3),0.8887874752753762
2025-04-11,Bandit Meta-Strategy (EXP3),0.9053901407052636
2025-04-14,Bandit Meta-Strategy (EXP3),0.9136140539731482
2025-04-15,Bandit Meta-Strategy (EXP3),0.9133086304271197
2025-04-16,Bandit Meta-Strategy (EXP3),0.9011046897392313
2025-04-17,Bandit Meta-Strategy (EXP3),0.9106933503563314
2025-04-21,Bandit Meta-Strategy (EXP3),0.8971601730936685
2025-04-22,Bandit Meta-Strategy (EXP3),0.9180898103089178
2025-04-23,Bandit Meta-Strategy (EXP3),0.9206415944846651
2025-04-24,Bandit Meta-Strategy (EXP3),0.9264567192925819
2025-04-25,Bandit Meta-Strategy (EXP3),0.9287064808739882
2025-04-28,Bandit Meta-Strategy (EXP3),0.9299213106014234
2025-04-29,Bandit Meta-Strategy (EXP3),0.9370903666545074
2025-04-30,Bandit Meta-Strategy (EXP3),0.9370903666545075
2025-05-01,Bandit Meta-Strategy (EXP3),0.9322004373931232
2025-05-02,Bandit Meta-Strategy (EXP3),0.9434102704127229
2025-05-05,Bandit Meta-Strategy (EXP3),0.9382711261692769
2025-05-06,Bandit Meta-Strategy (EXP3),0.9354839197083951
2025-05-07,Bandit Meta-Strategy (EXP3),0.9434239915130863
2025-05-08,Bandit Meta-Strategy (EXP3),0.9409061664849391
2025-05-09,Bandit Meta-Strategy (EXP3),0.9369074517203921
2025-05-12,Bandit Meta-Strategy (EXP3),0.9499383341520871
2025-05-13,Bandit Meta-Strategy (EXP3),0.9444454760424055
2025-05-14,Bandit Meta-Strategy (EXP3),0.9446122443951692
2025-05-15,Bandit Meta-Strategy (EXP3),0.960500845463661
2025-05-16,Bandit Meta-Strategy (EXP3),0.9667013274221877
2025-05-19,Bandit Meta-Strategy (EXP3),0.9688408744708659
2025-05-20,Bandit Meta-Strategy (EXP3),0.9677988165101868
2025-05-21,Bandit Meta-Strategy (EXP3),0.9605447263882109
2025-05-22,Bandit Meta-Strategy (EXP3),0.9583391229599265
2025-05-23,Bandit Meta-Strategy (EXP3),0.9575061851101564
2025-05-27,Bandit Meta-Strategy (EXP3),0.9697593323354915
2025-05-28,Bandit Meta-Strategy (EXP3),0.9648665338691181
2025-05-29,Bandit Meta-Strategy (EXP3),0.9702732116147179
2025-05-30,Bandit Meta-Strategy (EXP3),0.9702732116147176
2025-06-02,Bandit Meta-Strategy (EXP3),0.9713790332114193
2025-06-03,Bandit Meta-Strategy (EXP3),0.969239417031526
2025-06-04,Bandit Meta-Strategy (EXP3),0.9678209153780462
2025-06-05,Bandit Meta-Strategy (EXP3),0.9606971818752013
2025-06-06,Bandit Meta-Strategy (EXP3),0.9696648321990263
2025-06-09,Bandit Meta-Strategy (EXP3),0.972082489961703
2025-06-10,Bandit Meta-Strategy (EXP3),0.9795547532863547
2025-06-11,Bandit Meta-Strategy (EXP3),0.9762625305461575
2025-06-12,Bandit Meta-Strategy (EXP3),0.9785162527968834
2025-06-13,Bandit Meta-Strategy (EXP3),0.9705609450961535
2025-06-16,Bandit Meta-Strategy (EXP3),0.9711879567350331
2025-06-17,Bandit Meta-Strategy (EXP3),0.9630057174966781
2025-06-18,Bandit Meta-Strategy (EXP3),0.9581400896278518
2025-06-20,Bandit Meta-Strategy (EXP3),0.9567736298806204
2025-06-23,Bandit Meta-Strategy (EXP3),0.9651810747571338
2025-06-24,Bandit Meta-Strategy (EXP3),0.9691594153941648
2025-06-25,Bandit Meta-Strategy (EXP3),0.9684226956525039
2025-06-26,Bandit Meta-Strategy (EXP3),0.9711807078235285
2025-06-27,Bandit Meta-Strategy (EXP3),0.979066684843024
2025-06-30,Bandit Meta-Strategy (EXP3),0.9790666848430242
2025-07-01,Bandit Meta-Strategy (EXP3),0.9848592193771037
2025-07-02,Bandit Meta-Strategy (EXP3),0.986969989915253
2025-07-03,Bandit Meta-Strategy (EXP3),0.9927572908390757
2025-07-07,Bandit Meta-Strategy (EXP3),0.9851369638663812
2025-07-08,Bandit Meta-Strategy (EXP3),0.9815267498997635
2025-07-09,Bandit Meta-Strategy (EXP3),0.9828407837289675
2025-07-10,Bandit Meta-Strategy (EXP3),0.9876398695786592
2025-07-11,Bandit Meta-Strategy (EXP3),0.9864969476032388
2025-07-14,Bandit Meta-Strategy (EXP3),0.9838173355139426
2025-07-15,Bandit Meta-Strategy (EXP3),0.9786809220340041
2025-07-16,Bandit Meta-Strategy (EXP3),0.9909597080416658
2025-07-17,Bandit Meta-Strategy (EXP3),0.9958404853154367
2025-07-18,Bandit Meta-Strategy (EXP3),0.9917415959756025
2025-07-21,Bandit Meta-Strategy (EXP3),0.9965748197405062
2025-07-22,Bandit Meta-Strategy (EXP3),1.0021565428113473
2025-07-23,Bandit Meta-Strategy (EXP3),1.004916826679767
2025-07-24,Bandit Meta-Strategy (EXP3),1.0058557503016778
2025-07-25,Bandit Meta-Strategy (EXP3),1.0059816988548311
2025-07-28,Bandit Meta-Strategy (EXP3),1.0012473566618116
2025-07-29,Bandit Meta-Strategy (EXP3),1.0072778506040194
2025-07-30,Bandit Meta-Strategy (EXP3),1.001464602911331
2025-07-31,Bandit Meta-Strategy (EXP3),1.0014646029113305
2025-08-01,Bandit Meta-Strategy (EXP3),0.9928434057204246
2025-08-04,Bandit Meta-Strategy (EXP3),1.00750865757668
2025-08-05,Bandit Meta-Strategy (EXP3),1.002992065140017
2025-08-06,Bandit Meta-Strategy (EXP3),1.0109607884902356
2025-08-07,Bandit Meta-Strategy (EXP3),1.0077233420423308
2025-08-08,Bandit Meta-Strategy (EXP3),1.0169373963318589
2025-08-11,Bandit Meta-Strategy (EXP3),1.0193909290479488
2025-08-12,Bandit Meta-Strategy (EXP3),1.0262839253142733
2025-08-13,Bandit Meta-Strategy (EXP3),1.0267446191208958
2025-08-14,Bandit Meta-Strategy (EXP3),1.0272108022147657
2025-08-15,Bandit Meta-Strategy (EXP3),1.0246415863098215
2025-08-18,Bandit Meta-Strategy (EXP3),1.0250670918553009
2025-08-19,Bandit Meta-Strategy (EXP3),1.0243698256047922
2025-08-20,Bandit Meta-Strategy (EXP3),1.0265614382844743
2025-08-21,Bandit Meta-Strategy (EXP3),1.018183899535878
2025-08-22,Bandit Meta-Strategy (EXP3),1.0309610631893904
2025-08-25,Bandit Meta-Strategy (EXP3),1.0262817164554203
2025-08-26,Bandit Meta-Strategy (EXP3),1.0278516430983269
2025-08-27,Bandit Meta-Strategy (EXP3),1.028921225760813
2025-08-28,Bandit Meta-Strategy (EXP3),1.0289212257608131
